case_id,description,Intersection_num,case_no.,unit_1_direction,unit_1_movement,unit_2_direction,unit_2_movement,unit_at_fault,crash_type
18-365054,"3300 GEORGE DIETER is a 2 way north/south roadway with 2 lanes
north and 2 lanes south divided.by a raised.median. 11200

EDGEMERE is a 2 way east/west roadway divided by a raised

IEIEE3 CHM-‘G55

 

ea
3
o
‘G
E

CONDITIONS

 

-dian. Unit 2 was stopped at the red traffic light south bound
on George Dieter and'was rear ended.by Unit 1. Driver of Unit 1
reported the incident at the PHRC COLLISION REPORTING CENTER.",1,40,SB,TH,SB,TH,unit 1,rear end
19-007116,"3300 GEORGE DIETER is a 2 way north/ south roadway divided by a
raised median. 11200 EDGEMERE is a 2 way east/west roadway

IEIEE3 CHM-‘G55

 

ea
3
o
‘G
E

CONDITIONS

 

divided.by a raised.median. Unit 2 was stopped at a red traffic
light facing south on George Dieter and'was rear ended.by Unit
1. No injuries or witnesses reported. Report taken at the PHRC
COLLISION REPORTING CENTER.",1,41,SB,TH,SB,TH,unit 1,rear end
19-028157,"3300 GEORGE DIETER IS A FOUR LANE TWO WAY ROADWAY (NORTH AND
SOUTH) , DIVIDED BY A RAISED MEDIAN, WITH MANDATORY TURNING
LANES. 11300 EDGEMERE IS A FOUR LANE TWO WAY ROADWAY ( EAST AND

ST) DIVIDED BY A RAISED MEDIAN, ‘WITH MANDATORY TURNING LANES.

IT 2 WAS NORTHBOUND ON GEORGE DIETER. UNIT 1 WAS SOUTHBOUND
ON GEORG DIETER, UNIT 1 WAS PREPARING TO MAKE A LEFT (EASTBOUND)
TURN ONTO EDGMERE. DRIVER OF UNIT 1 ADVISED A STALLED VEHICLE
BLOCKED HER VIEW AND SHE DIDNT SEE UNIT 2. BOTH UNITS HAD THE
GREEN LIGHT, BUT UNIT 1 DIDNT HAVE THE GREEN PROTECTED ARROW.

IT 1 FAILED TO YIELD THE RIGHT OF WAY TO UNIT 2. UNIT 1
CAUSED THE ACCIDENT. DRIVER OF UNIT 1 CLAIM PAIN TO HER NECK.
PASSENGER TO UNIT 2 CLAIM PAIN TO HIS NECK. NO OTHER INJURIES
C3 REPPORTED.‘WITNESS: JACOB JACQUEZ, 1-’-1077 TIERRA HALCON, 915-345
-9293, (ADVISED BOTH VEHICLES HAD THE GREEN LIGHT, BUT UNIT 1
II IDN'T HAVE THE PROTECTED GREEN ARROW) .

Time Notiﬁed",1,42,SB,LT,NB,TH,unit 1,left turn
19-101088,"3300 George Dieter runs north and south and is a two way four

 

ea
3
o
‘G
E

CONDITIONS

 

lane roadway divided.by a raised.median with mandatory left turn
lanes which intersects with 11200 Edgemere. Unit #2 was
traveling south on George Dieter in the left lane and'was
proceeding straight through the intersection of Edgemere on a
green traffic control signal light. Unit #1 was traveling north
on George Dieter in the mandatory left turn lane and'was making
left turn west bound onto Edgemere but failed to yield the right
of way before making a left turn at which point it struck Unit
#2. Unit #1 driver advised of injuries and'was transported.by
EMS to the hospital. Witness",1,43,NB,LT,SB,TH,unit 1,left turn
19-135108,"11300 Edgemere is a 4 lane, east—west, two way
traffic divided roadway. A.mandatory left turn lane forms on
hoth Edgemere and George Dieter at the intersection. Unit 2 was
south on the #2 lane of traffic on George Dieter and was
continuing south through the intersection. Unit 1 was north
hound and was in the turn lane to go west onto Edgemere. Both
nits had the green light, however, Unit 1 did not have the
protected green arrow and.proceeded through and into the path of
nit 2. Unit 2 collided with Unit 1. No injuries, one witness.
itness, was waiting at the bus stop, Scott Dowling (915)471
-6943, advised that Unit 1 turned into the path of Unit 2.",1,44,NB,LT,SB,TH,unit 1,left turn
19-185152,"The 3400 block of George Dieter, is a four lane marked roadway,
for north and southbound traffic. The 11300 block of Edgemere is
a four lane roadway, for west and eastbound traffic. This

IEIEE3 CHM-‘G55

 

ea
3
o
‘G
E

CONDITIONS

 

intersection is controlled.by a signal light.Unit 2 was
traveling southbound, on George Dieter, and came to a stop at a
red light, at the intersection of George Dieter and Edgemere.
nit 1 was traveling directly behind Unit 2, and failed to
control their speed, at which point Unit 1 collided with Unit
2‘s rear end. Unit 2‘s driver exited his vehicle, and attempted
to exchange information with Unit 1. Unit 1's driver left the
scene, at which point Unit 2‘s driver re—entered his vehicle,
and followed Unit 1. Unit 1's driver stopped at 11120 block of
arf Cove Drive, where he came to a stop. Unit 2*s driver
stopped at this location, and attempted to exchange information
ith Unit 1's driver once more. Unit 1's driver exited his
ehicle and.became confrontational with Unit 2*s driver. Unit
1's driver pulled out a weapon, at which point Unit 2 fled the

E
E
5..
o
o
2
E.
E
E
E
2

scene, for his safety.",1,45,SB,TH,SB,TH,unit 1,rear end
19-219120,"3300 GEORGE DIETER is a 2 way north/ south roadway divided by a
raised median. 11300 EDGEMERE is a 2 way east/west roadway

IEIEE3 CHM-‘G55

 

ea
3
o
‘G
E

CONDITIONS

 

divided.by a yellow line. Unit 2 was north bound on George
wieter with a solid green light and Unit 1 made a left turn from
south bound George Dieter to east bound Edgemere and got into
the path of Unit 2 causing Unit 2 to collide into the right
panel of Unit 1. No injuries reported. Witness: Justin D
illiams 973-991-4305. Report taken at the PHRC COLLISION
REPORTING CENTER.",1,46,SB,LT,NB,TH,unit 1,left turn
19-223123,"The 11300 block of Edgemere is a 5 lane marked roadway, with two

 

ea
3
c
U
E

CONDITIONS

 

lanes Eastbound and a mandatory left turn lane. 11300 Edgemere
as two lanes that travel Westbound with a mandatory left turn
lane, The 11300 block of Edgemere interests with the 3300 blocks
of George Dieter. The 3300 block of George Dieter is a 5 lane
-rked roadway with two lanes Northbound and a mandatory left
turn lane, two lanes Southbound.with a mandatory left turn lane.
nit 2 was traveling in the number two lane north on George
ﬂieter. Unit 1 was traveling in the number 2 lane East on
Edgemere. Unit 1 approached the traffic signal lights,
disregarded the Red light and.proceeded through the intersection
of Edgemere and George Dieter. Unit 2 had the green light
Iorthbound and.began traveling through the intersection. Due to
nit 1 disregarding the signal light, Unit 1 subsequently struck
nit 2, causing Unit 2 to roll over. The driver of Unit 2 stated
she saw Unit 1 and tried to swerve out of the way, however the
impact and collision occurred quickly. The driver and Passenger

5
E
5..
o
o
2
E.
E
E
E
2

of Unit 2 were transported.by Fire Medical personnel. The back
two passengers of Unit 2 refused transport. Witness (Greer,
Christine (4439298351) advised she was behind unit 1 when she
observed the collision. The driver of Unit 1 was subsequently
placed under arrest for the suspicion of driving while
intoxicated,

Time Notiﬁed",1,47,EB,TH,NB,TH,unit 1,right angle
19-268160,"THE 3400 BLOCK OF GEORGE DIETER IS A FOUR LANE ROADWAY THAT
TRAVELS NORTH SOUTH BOUND WITH A MANDATORY LEFT AND RIGHT TURN.
11200 EDGEMERE IS A FOUR LANE ROADWAY THAT TRAVELS EAST AND WEST
BOUND WITH A MANDATORY LEFT TURN LANE. UNIT ONE WAS EAST ON
EDGEMERE IN THE MANDATORY LEFT TURN LANE. UNIT ONE DRIVER STATED
THAT SHE HAD A GREEN TURN ARROW AT WHICH TIME SHE PROCEEDED INTO
THE INTERSECTION. UNIT ONE COLLIDED INTO UNIT TWO WHO WAS
TRAVELING NORTH ON GEORGE DIETER. UNIT TWO DRIVER WAS TRAVELING
I ORTH ON GEORGE DIETER IN THE RIGHT LANE. UNIT TWO DRIVER STATED
THAT SHE HAD A GREEN LIGHT TO ENTER THE INTERSECTION. UNIT TWO
5 RIVER ENTERED THE INTERSECTION AT WHICH TIME UNIT ONE COLLIDED
INTO UNIT TWO. NO INJURIES WERE REPORTED. NO WITNESSES AT THE

C: SCENE. NO DRIVER WAS CITED FOR THE ACCIDENT DUE TO CONFLICTING",1,48,EB,LT,NB,TH,unknown,left turn
19-353092,"The 3300 block of George Dieter Dr is a local road that travel
north to south and consist of 3 lanes traveling in each

IEIEE3 CHM-‘G55

 

ea
3
o
‘G
E

CONDITIONS

 

direction. U2 was traveling north bound on the far left lane
and'was at the red traffic light. When the traffic light turned
green U2 was making a left hand turn. U1 was behind U2 and
crashed into U2 for unknown reasons. U1 and U2 were able to
exchange information. The driver of U2 found damages to the
rear bumper and trunk of her vehicle. No onsite investigation
conducted. U2 was assigned a case number. Diagram.is
approximate",1,49,NB,LT,NB,TH,unit 1,rear end
20-003108,"3300 George Dieter is a
divided four lane roadway travelling west and east with a
protected.median. The intersection of Edgemere and George Dieter
as a mandatory left turn lane with a protected arrow. Unit 2
as travelling south on Edgemere when it entered the
intersection on a green light and struck the right front side of
nit 1 who was turning left onto George Dieter without the
protected light. Unit 1 failed to yield the right of way to Unit
2 in the controlled intersection. The driver of Unit 2 stated
that she was travelling south on Edgemere when she entered the
intersection and Unit 1 decided to turn left making it
navoidable to hit Unit 1. The driver of Unit 1 stated that he
as in the left turning lane northbound on Edgemere turning west
onto George Dieter and had a green light and.proceeded through
the intersection and'was hit by Unit 2. There was a witness,
* derate, Simbn (575)802-7927 who stated that Unit 2 had a green
light when she entered the intersection and Unit 1 tried to beat

5
E
5..
o
o
2
E.
E
E
E
2

nit 2 through the intersection. There were no reported injuries
and the Driver of Unit 1 was cited for failure to yield the
right of way in a controlled intersection causing an accident,
Cit#19333696. Both drivers were given an incident information
card and advised of follow up procedures.",1,50,NB,LT,SB,TH,unit 1,left turn
20-048076,"11300 EDGEMERE is a 2 way east/west roadway with 2 lanes east
and 2 lanes west divided.by a raised.median and controlled.by a
traffic light. 3400 GEORGE DIETER is a 2 way north/south
roadway with 2 lanes north and 2 lanes south divided.by a raised

IEIEE3 CHM-‘G55

 

ea
3
o
‘G
E

CONDITIONS

 

-dian and controlled.by a traffic light. Unit 2 was west bound
on Edgemere and stopped at a red traffic light and was rear
ended.by Unit 1. No injuries or witnesses reported. Both
drivers came in to PHRC. Report taken at the PHRC COLLISION
REPORTING CENTER",1,51,WB,TH,WB,TH,unit 1,rear end
20-072188,"11300 Edgemere is an eastbound/westbound 6 lane roadway, 2 eastbound

 

ea
3
o
‘G
E

CONDITIONS

 

lanes with 1 mandatory left turn lane and 1 bike lane/ 2 westbound lanes
ith 1 mandatory left turn lane and 1 bike lane, that is divided by a
aised median. 3300 George Dieter is a northbound/southbound 10 lane
oadway, 2 northbound lanes with 1 mandatory left turn lane, 1 mandatory
ight turn lane and 1 bike lane/ 2 southbound lanes with 1 mandatory
left turn lane, 1 mandatory right turn lane and 1 bike lane, that is
divided by a raised median. Driver of Unit 1 stated he was traveling
eastbound on the left lane of Edgemere in the listed marked police
ehicle with lights and siren. Driver of Unit 1 stated he advised his
ront right passenger to check the right side for vehicles approaching
northbound on George Dieter as they were attempting to cross the
Idgemere intersection with George Dieter. Driver of Unit 1 stated the
ront passenger of Unit 1 advised.hin1it.was clear for hintto-proceed so
he continued eastbound into the intersection. Driver of Unit 1 stated he
as almest across the intersection when he felt an impact that spun Unit
1 counter clockwise and stopped facing westbound on the left eastbound
lane of Edgemere. Driver of Unit 2 stated she was traveling
northbound on the right lane of George Dieter and was approaching the
intersection with Edgemere. Driver of Unit 2 stated she observed the

E
E
5..
o
o
2
E.
E
E
E
2

signal light for the intersection to be green so she proceeded into the
intersection, at which time, Unit 1 came out of nowhere and collided

ith Unit 2. Witness—1 (De Shazo, Abelardo; phone:915—355—8851)
Stated he was traveling northbound on George Dieter and turned right
onto the eastbound lanes of Edgemere when he heard a siren and observed
ed/blue lights approaching on (eastbound on Edgemere). Witness-1 stated
he pulled over to the right side of lane 2 to give the right of way to
the emergency vehicle approaching (Unit 1). Witness-1 stated he looked
through the rear view mirror of his vehicle and observed Unit 2",1,52,EB,TH,NB,TH,unit 1,right angle
20-179069,"3300 George Dieter (N/S) is a 2 way, 2 lane, roadway with a

IEIEE3 CHM-‘G55

 

ea
3
o
‘G
E

CONDITIONS

 

divided raised.median and a mandatory left turn and right turn
lane only at signal lights. Unit 2 was on the right lane facing
Iorthbound on George Dieter and was at a complete stop due to
Red/Stop Signal. Unit 1 was directly behind Unit 2 on right lane
facing Northbound on George Dieter. Unit 1 Driver observed
signal light turn green and.proceeded to travel Northbound on
George Dieter. Unit 1 Driver failed to control speed and
collided with Unit 2. Both drivers and occupant did not advise
of any injuries and did not require medical attention at the
scene. No witness",1,53,NB,TH,NB,TH,unit 1,rear end
20-238148,"3400 George Dieter is a northbound/southbound 7 lane roadway, 2

 

ea
3
o
‘G
E

CONDITIONS

 

northbound lanes with 1 mandatory left turn lane, 1 mandatory right turn
lane and 1 bike lane/2 southbound lanes with 1 mandatory left turn lane,
1 mandatory right turn lane and 1 bike lane, that is divided by a raised
-dian. 11200 Edgemere is an eastbound/westbound 7 lane roadway, 2
eastbound lanes with1 mandatory left turn lane and 1 bike lane east of
George Dieter/2 westbound lanes with 1 mandatory left turn lane, 1
-ndatory right turn lane and 1 bike lane, that is divided by a raised
I-dian east of George Dieter and divided by 2 solid yellow lines west of
George Dieter. Driver of Unit 1 stated she was traveling northbound
on the mandatory left turn lane of George Dieter, approaching the
intersection with Edgemere. Driver of Unit 1 stated she checked for
ehicles traveling southbound on George Dieter and did not notice any so
she made a left turn onto the westbound lanes of Edgemere. Driver of
nit 1 stated she then struck Unit 2 who was traveling southbound on the
left lane of George Dieter. Driver of Unit 1 stated she did not observe
nit 2 entering the intersection until it was too late. Driver of Unit 1
added that she only had the solid green signal light and it was not a
protected left turn for her. Driver of Unit 2 stated she was
traveling southbound on the left lane of George Dieter and entered the

E
E
5..
o
o
2
E.
E
E
E
2

intersection with Edgemere on a solid green signal light. Driver of Unit
2 stated she was then struck by Unit 1 who failed to yield the right of

ay—turning left frcm the northbound mandatory left turn lane of George
ﬂieter onto westbound Edgemere.",1,54,NB,LT,SB,TH,unit 1,left turn
21003084,"The 3300 block of George Dieter is a marked five lane roadway
that travels north and south and intersects with the 11300 block

of Edgernere which is a six lane marked road way that travels

IZIEE3 CHM-‘G55
Z

 

ea
3
o
‘G
E

CONDITIONS

 

east and'west. Unit 1 stated that he was traveling south on the
3300 block of Edgemere and entered the mandatory left turn lane
to travel east on the 11300 block of Edgemere. Unit 1 stated
that he had the green light and.proceeded to enter the 11300
hlock of Edgemere subsequently being struck on right passenger
side by Unit 2‘s Front side. Unit 2 stated that he was traveling

nable to stop and subsequently crashed into Unit 1..According
to witness (Steven Garcia 915-318-9060) who was traveling behind
nit 1 observed the Unit have a green light but did not have the
I-rotected arrow and observe the Unit 1 fail to yield the right

2
E.
E
E
E
2

of way to oncoming traffic. No injuries were reported at the
scene and Unit 1 and Unit 2 where cited and advised accordingly",1,55,SB,LT,NB,TH,unit 1,left turn
21-018023,"3300 block of George Dieter Drive is a 2-way 4—lane roadway that

 

ea
3
o
‘G
E

CONDITIONS

 

travels North and South divided.by a raised.protected.median
controlled.by a traffic control light that intersects with the
11300 block of Edgemere Blvd. The driver of Unit #2 advised
that he was waiting at the stop light in lane number #1 facing
north and felt an impact from.Unit #1 from.the rear of his
ehicle. The driver of Unit #1 advised that he failed to control
is speed and.impacted Unit #2. No independent witnesses were
available and the occupants of Unit #2 declined.Medical Support.
The driver of Unit #1 was cited for failure to control speed and
leaving the scene of an accident.Officer Sanchez Supplemented
this report. Officer Sanchez entered erroneous information for
the passenger in Unit#2. Error was corrected and resubmitted.",1,56,NB,TH,NB,TH,unit 1,rear end
21-047099,"11300 Edgemere is a four lane two way roadway traveling east and
est bound separated.by a curbed.median. Unit #1 was traveling
est bound on Edgemere and attempted to make a left turn onto

George Dieter South bound. Unit #2 was traveling east bound on

Edgemere in the right lane crossing the intersection of George

wieter when Unit #1 struck Unit #2. One witness was located at

the scene and another witness left a card'with the driver of
nit #2. The driver of Unit #1 was given a citation. Both

parties were advised and given an incident information card.",1,57,WB,LT,EB,TH,unit 1,left turn
21-050169,"11200 Edgemere is a 2 way unprotected
roadway with 3 marked lanes traveling east and 3 marked lanes
traveling west, with a mandatory left turn lane and right turn
lane. The intersection is controlled.by a traffic signal. Unit
#2 was traveling south on George Dieter in the number 1 lane.
nit #1 was traveling north in the left turn only lane. Unit #1
proceeded through the intersection failing to yield the right of
ay making a left turn striking Unit #2. Officers observed
I -jor front end damage to Unit #1 and.mdnor front end damage to
nit #2. No injuries were reported and no third.party witnesses
ere located. The driver of Unit #1 was cited for Failing to
ield the Right of Way making a Left Turn, Causing an.Accident
and Failing to Maintain Financial Responsibility. Unit #1 was
towed to 11615 Railroad and Unit #2 was privately towed. Both
drivers were issued an incident information card and advised of

ATWE AND DH-‘I GRAM

E
2:

follow—up procedures.",1,58,NB,LT,SB,TH,unit 1,left turn
21-253240,"3200 George Dieter is a northbound / southbound 4 lane roadway,

IEIEE3 CHM-‘G55

 

ea
3
o
‘G
E

CONDITIONS

 

2 northbound lanes / 2 southbound lanes that are divided.by a
raised.median. 11300 Edgemere is a eastbound / westbound 5 lane
roadway, 2 westbound lanes / 2 eastbound lanes that are divided
hy a two way left turn lane. The 3200 block of George Dieter
intersects with the 11300 block of Edgemere and it is a
controlled intersection by traffic control signals. Unit 2 was
traveling northbound on the far right lane when Unit 1 (FTYROW
/ left turn) struck Unit 2. Driver of Unit 2 complained of pain
to the right ankle, neck and.back area. No other injuries or
itnesses were reported. No citation were issued.",1,59,NB,TH,SB,LT,unknown,left turn
21-255002,"11200 Edgernere is a four lane roadway divided by a raised

IEIEE3 CHM-‘G55

 

ea
3
o
‘G
E

CONDITIONS

 

I -dian, with two lanes traveling westbound and two lanes
traveling eastbound and a mandatory left turn lane. 3400 George
wieter is a four lane roadway divided.by a raised.median, with
two lanes traveling northbound and two lanes traveling
southbound and a mandatory left turn lane. The intersection is
controlled.by signal lights. Driver of unit 2 stated she was
traveling on Edgemere eastbound on the number one lane with a
green light. The driver of unit 2 stated unit 1 was traveling
southbound on George Dieter attempting to turn left towards
Edgemere. The driver of unit 2 advised unit 1 collided onto unit
2 and fail to remain at the scene. There were no reported
injuries at the scene or independent witnesses.",1,60,SB,TH,EB,TH,unit 1,right angle
21-341018,"The 11300 block of Edgernere is a 5 lane road way with 2 lanes

IEIEE3 CHM-‘G55

 

ea
3
o
‘G
E

CONDITIONS

 

goin eastbound and 2 lanes going westbound.with a mandatory left
turning lane and is divided.by an unprotected.median. The 3500
hlock of George Dieter is 5 lane road'way with 2 lanes going
southbound.with a mandatory left turn lane and 2 lanes going
northbound. These 2 streets intersect. Unit #2 was traveling
estbound on the outside on the 11300 block of Edgemere cross
the intersection. Unit #1 was traveling southbound on the 3500
hlock of George Dieter in the outside lane and'was stopped at
the intersection and.began to make a right turn onto Edgemere.
ﬂriver of Unit #2 advised as he was crossing the intersection he
observed Unit #1 attempting to make a right turn while the light
as red. Unit #2 attempted to move out the way but still
collided.with Unit #1 in the back rear of the vehicle. Driver of
nit #1 advised she did attempt to make a right turn while the
light was red. The officer did not observe any debris on the
roadway and.based on the damage and its location on both vehicle

5
E
5..
o
o
2
E.
E
E
E
2

determined Unit #1 failed to yield the right of way while making
a right turn causing the accident. No injuries were reporter and
no independent witnesses approached the scene.",1,61,SB,RT,WB,TH,unit 1,rear end
21019161,"THE 11200 BLOCK OF EDGEMERE IS.A FOUR LANE ROAD THAT TRAVELS
EAST AND WEST BOUND WITH A.MANDATORY LEFT TURN LANE. THE 3300
BLOCK OF GEORGE DIETER IS.A FOUR LANE ROADWAY THAT TRAVELS NORTH
* I SOUTH BOUND WITH A.MANDATORY LEFT AND RIGHT TURN LANE. UNIT
ONE WAS TRAVELING EAST ON EDGEMERE IN THE LEFT LANE. UNIT ONE
""RIVER STATED THAT HE RAN THE RED LIGHT AND COLLIDED INTO UNIT
TWO WHO WAS TRAVELING NORTH ON GEORGE DIETER. UNIT TWO DRIVER
.AS TRAVELING NORTH ON GEORGE DIETER IN THE LEFT LANE. UNIT TWO
""RIVER STATED THAT HE HAD.A GREEN LIGHT TO ENTER THE
INTERSECTION. UNIT TWO ENTERED THE INTERSECTION AT WHICH TIME

IT ONE RAN THE RED LIGHT EAST ON EDGEMERE COLLIDING INTO UNIT
TWO. NO WITNESS AT THE SCENE AND NO INJURIES WERE REPORTED.",1,62,EB,TH,NB,TH,unit 1,right angle
17-057129,"The 12400 block of Edgemere WE is a three lane roadway. The
driver of unit one stated that she was stationary behind unit
two as the traffic light ahead was red. The driver of unit one
stated that through her peripheral vision she observed a vehicle
next to her move and she thought the traffic light ahead had
turned green so she proceeded forward and struck unit two frdm
hehind. The driver of unit two stated that she was stationary as
the traffic light ahead was red'when she felt unit one strike

er from behind. The passenger of unit two sustained non—life
threatening injuries and'was transported to a nearby hospital.
There were no witnesses at the time of the report",2,63,WB,TH,WB,TH,unit 1,rear end
16-360077,"The 12700 block of Tierra Este is a 5 lane marked roadway with 3
lanes traveling northbound and 2 lanes traveling southbound
divided.by a painted divider. The 12700 block of Tierra Este
intersects with the 12400 block of Edgemere, a 6 lane marked
roadway with 3 lanes traveling west and 3 lanes traveling east
divided.by a painted divider. The driver of Unit 2 stated that
she was traveling south on the 12700 block of Tierra Este in the
number 2 lane when she entered the intersection of 12400
Edgemere on a green light. Driver of Unit 2 stated that Unit 1
as traveling West on the 12400 block of Edgemere and ran the
stop sign thus causing Unit 1 to collide into unit 2 thus
causing Unit 2 to collide into Unit 3. Driver of Unit 1 stated
that she was traveling west on the 12400 block of Edgemere in
the number 2 lane when she did not observe that the signal light
as red and.proceeded to cross the intersection of Edgemere and
ierra Este thus causing Unit 1 to collide into Unit 2 and Unit

5
E
5..
o
o
2
E.
E
E
E
2

T

3. Driver of Unit 3 stated that he was traveling South on the
12400 block of Tierra Este in the number 3 lane directly next to
nit 2 when Driver of Unit 1 collided into Unit 2 thus causing
nit 2 to collide into Unit 3. No witnesses stood.by for the
officers at the scene. Passenger of Unit 2 was transported.by
EMS to Sierra Providence east on a possible injury",2,64,WB,TH,SB,TH,unit 1,right angle
16-351194,"12300 Edgemere is a two way six lane roadway with two eastbound
lanes and one mandatory left turn lane; two westbound lanes and
one mandatory left turn lane. Unit #2 was traveling westbound in
the inside lane of Edgemere. Unit #1 was traveling eastbound on
Edgemere attempting to make a left turn. As Unit #1 attemted

is left turn, Unit #1 failed to yield to Unit #2 causing the
collision. There were no independent witnesses and one reported
injury: Driver of Unit #2 complained of pain to the arms, knees,
ead and neck",2,65,EB,LT,WB,TH,unit 1,left turn
16-344091,"The 12400 block of Edgemere is a 5 lane 2 way roadway with a
:-ndatory left turn lane that travels east/west and intersects
the 12600 block of Tierra Este. Unit 1 was on the left turn
lane (west bound) and turned left onto Tierra Este as unit 2 was
traveling east bound on the #1 lane. The driver of unit 1
failed to yield to unit 2 and'was struck at the intersection.
nit 3 was stopped facing north on Tierra Este awaiting on the
red light as unit 1 was pushed against it during the collision.
nit 1 continued traveling and struck the pedestrian light pole
located on the south/east side of the intersection. There were
no injuries reported at the scene. The listed.witness stated
that he was traveling behind unit 1 and.observed.him.turn left
cydirectly in front of unit 2 causing the accident. Witness",2,66,WB,LT,EB,TH,unit 1,left turn
16-327124,"The 12300 block of Edgemere is a 5 lane 2-way divided roadway
that travels east/west. Unit 2 was traveling eastbound on the
#2 lane as it'was struck from behind by unit 1. The driver of
nit 2 stated that he came to a stop before the intersection due
to a yellow signal light as he was struck. The driver of unit 1
stated that he did not have the necessary space to stop before
the collision. The driver of unit 2 complained of back pain.
There were no witnesses at the scene",2,67,EB,TH,EB,TH,unit 1,rear end
16-287237,"12400 EDGEMERE (E/W) IS A.TWO WAY, TWO LANE MDIAN DIVIDED
ROADWAY. UNIT 2 WAS STOPPED ON FAR RIGHT LANE AND WAS WAITING
FOR TRAFFIC LIGHT TO TURN GREEN SO HE COULD PROCEED TRAVELING

STBOUND ON EDGEMERE. UNIT 1 WAS DIRECTLY BEHIND UNIT 2 ON FAR
RIGHT LANE AND ALSO TRAVELING WESTBOUND ON EDGEMERE. UNIT 1
FAILED TO CONTROL SPEED AND COLLIDED WITH UNIT 2. UNIT 1 DRIVER
FLED THE SCENE IMMEDIATELY AFTER THE COLLISION. UNIT 2 DRIVER
*IVISED OF NO INJURIES AND NO WITNESSES. UNIT 2 DRIVER STOOD BY
FOR POLICE BUT WAS LATER.ADVISED TO PROCEED TO THE PEBBLE HILLS
REGIONAL COMMAND CENTER TO WALK IN AND FILE A.HIT AND RUN",2,68,WB,TH,WB,TH,unit 1,rear end
16-218118,"river of Unit 2 came in to the PHRC CRC and stated that on the
listed date and time at the address of occurrence Unit 2 was

IEIEE3 CHM-‘G55

  
 
 

FA CT ORS &
CONDITIONS

east on Edgemere and had a green light and Unit 1 was west on
Edgemere and.made a left turn into the path of Unit 2 causing
nit 2 to collide into the right panel of Unit 1 with all the
front distribution. No witnesses reported. Driver of Unit 2
as taken by ambulance to Sierra Providence East due to
injuries. No PD Officer followed up at hospital.",2,69,WB,LT,EB,TH,unit 1,left turn
16-139097,"EDGEMERE IS A -""-1 LANES ROADWAY ‘WITH 2 LANE WEST BOUND AND 2
LANES EAST BOUND DIVIDED BY A RASIED MEDIAN.U1 WAS TRAVELING
ST ON THE LEFT LANE. U2 AND U3 WERE SITTING AT A RED LIGHT ON
THE LEFT LANE. U1 FAILED TO CONTROL SPEED HITTING THE REAR OF U2
CAUSING U2 TO HIT THE REAR OF U3. DRIVER OF U1 STATED THAT SHE
AS HAVE A VERBAL ARGUMENT WITH HER SON ‘WHO WAS A PASSENGER IN
1.NO ‘WITNESSES AND NO REPORTED INJURIES",2,70,WB,TH,WB,TH,unit 1,rear end
16-123151,"12300 Edgemere is a 4 lane, east—west, two way traffic divided
roadway..A third lane forme for left turns into businesses
located at 12351 Edgmere. Unit 1 was east bound and.made a left
and turn to go north into the business parking lot at 12351
Edgemere. Unit 2 was west bound on Edgemere approaching the
hreak in the median. Unit 1 driver stated she did not see Unit
2 due to traffic in the turn lane to go into the opposing side
husiness. Unit 1 driver proceeded to turn into traffic and into
nit 2‘s path. Unit 2 collided'with Unit 1. No witnesses, no
injuries to drivers. Passenger in Unit 2 complained of pain but
refused.medical assistance.",2,71,EB,LT,WB,TH,unit 1,left turn
16-108134,"The 12400 block of Edgemere is a four lane, divided roadway that
travels East and.West. East and.West lanes include an inside
left mandatory turning lane. The 12600 block of Tierra Este is a
four lane, marked roadway that travels North and South. North
and South lanes include an inside left mandatory turning lane.
nit 2 was traveling Eastbound in the inside lane of Edgemere.
*s he approached the intersection, he observed unit 1 making a
left turn onto Tierra Este. Driver of unit 2 stated he was not
able to stop and collided into unit 1. The driver of unit 1
stated she was in the process of making a left turn from.the
estbound inside left mandatory turning lane onto Tierra Este
hen she was struck by unit 2. The driver of unit 1 stated she
ad a solid green light but proceeded two turn after making sure
the intersection was clear. In addition, unit 1 claimed she
observed unit 2 far away before she made her turn. There were no
independent witnesses at the time of the report. the driver of
nit 1 was transported to Sierra Providence East with minor",2,72,WB,LT,EB,TH,unknown,left turn
16-012227,"The 12400 block of Edgemere is a five lane roadway that travels
east and westbound. The 12600 block of Tierra Este is a five
lane roadway that travels north and southbound. The driver frdm
nit 1 stated that he was traveling northbound on Tierra Este as
e was going to make a westbound turn onto Edgemere when he
observed unit 2 travel southbound on Tierra Este with her
hlinker on. Unit 1 stated that as he made the westbound turn
nit 2 did not make the eastbound turn rather continued south
and struck unit 1. The driver of unit 2 stated that she was
traveling southbound on the center lane as she observed unit 1
fail to yield to her and she was not able to stop as unit 1
collided into her. Witness (Kevin Aldana, 915-276-1723) stated
that he observed unit 1 fail to yield the right of way to unit
2. Witness (Karla Sanchez, 915-726-9092) stated that unit 2 had
er left turn signal on but hesitated to make the turn and
failed to yield the right of way to unit 1. The driver and rear
passenger of unit 2 were transported to Sierra Providence East",2,73,NB,LT,SB,TH,unit 2,left turn