case_id,description,Intersection_num,case_no.,unit_1_direction,unit_1_movement,unit_2_direction,unit_2_movement,unit_at_fault,crash_type
16-003127,"900 North Copia Street is a two way, 4 lane roadway controlled
hy a traffic control light divided.by marked lanes that travels
north and south. The driver of unit 1 was traveling northbound
on lane #1 and got into a turn bay (turn left lane) as unit 1
approached the intersection. The driver of unit 2 was traveling
southbound on lane #2. Both parties told officers that there
as a green light while both units approached the intersection.
The driver of unit 1 failed to yield the right of way to unit 2
hy attempting to make a quick left turn causing a collision with
nit 2. All parties refused.medical attention at the scene and
did not report any injuries. The driver of unit 1 and driver of
nit 2 were cited. Unit 1 was privately towed",2,74,NB,LT,SB,TH,both unit,left turn
19-145175,"The 12600 block of Tierra Este is a four lane two way roadway

-EIEE3 CHM-‘G55

 

ea
3
c
U
E

CONDITIONS

 

ith two lanes traveling eastbound and two lanes traveling
estbound'with mandatory left turning lanes. The 12300 block of
Edgemere is a four lane two way roadway with two lanes traveling
southbound and two lanes traveling northbound.with a high raised

-dian and mandatory left turning lanes. Driver of unit one was
traveling eastbound on Tierra Este and'was attempting to merge
onto Edgemere by turning left at the intersection. Driver of

nit two was traveling westbound on the furthest left lane.
""river of unit one failed to yield the right of way turning left
at the intersection, while he had a green light (not a green
arrow light). Unit one collided with unitis two front left
causing damage to both vehicles. Non of the passengers in either
car suffered life threatening injuries and the mentioned.persons
ere transported to Sierra Providence East for medical
treatment. There were no witnesses reported",2,75,EB,LT,WB,TH,unit 1,left turn
19-133060,"12300 Edgemere is five lane roadway traveling West and East.
East bound lanes have a number 1 lane being a left turn

-ndatory lane, number 2 lane is a East bound only and number 3
is a right turn and East bound lane. West bound lane are
straight lane only. Unit 1 and Unit 2 were traveling East bound
on Edgemere. While both units were at a stop due to the traffic
light being red. Unit 2 backed up without safety trying to
enter into Welgreens and collided with Unit 1. No injuries or
itnesses were reported at the scene. Both vehicles were removed
from.the roadway by the owners",2,76,EB,TH,EB,TH,unit 2,backing vehicle
19-110180,"The 12600 block of Tierra Este is a 2-way. 5—lane roadway that

 

ea
3
o
‘G
E

CONDITIONS

 

travels north and south. Unit 1 was waiting in the center turn
lane on Tierra Este northbound, at a solid red light and
realized he didn't want to turn left. The driver reversed in the
center turn lane and struck Unit 2.The driver of Unit 1 stated
e realized while waiting at the light that he didnit want to
turn left, so he reversed to change lanes and didn't know Unit 2
as behind.him.until he struck it.The driver of Unit 2 stated
that he was waiting to turn left when Unit 1 reversed into him”
There were no independent witnesses to this collision and no
injuries were reported.",2,77,NB,TH,NB,TH,unit 1,backing vehicle
18-332247,"12700 Tierra Este Dr. is a four lane, two way roadway, traveling
north/south, divided.by a double yellow line, with mandatory
left turn lanes at the intersection of Edgemere Blvd. 12400

IEIEE3 CHM-‘G55

 

ea
3
o
‘G
E

CONDITIONS

 

Edgemere Blvd. is a four lane, two way roadway, traveling
east/west, divided.by a raised.median, with mandatory left turn
lanes at the intersection of Tierra Este Dr. Unit 2 was
traveling north on the left lane at 12700 Tierra Este Dr. Unit
1 was southbound on 12700 Tierra Este Dr. and turned left from
the left turn only lane at the intersection on Edgemere Blvd.
nit 1 failed to yield the right of way to oncoming traffic,
hus, Unit 2‘s RFQ struck Unit 1's RRQ. Driver of Unit 1
advised she made the left turn because Unit 2 had the left turn
signal on. Driver of Unit 1 assumed Unit 2 was making a left
turn onto Edgemere Blvd., instead, Unit 2 continued northbound",2,78,SB,LT,NB,TH,unit 1,left turn
18-310053,"The 12400 block of Edgemere Blvd. is a five lane roadway for

IEIEE3 CHM-‘G55

 

ea
3
o
‘G
E

CONDITIONS

 

East/ Westbound travel. Two lanes for eastbound and three lanes
for westbound with one mandatory left turn lane, divided.by a
raised.median. Unit 1 was traveling Westbound on the 12400 block
of Edgemere on the middle lane of travel. Unit 1 was stopped at
a red light on the middle lane of travel.Unit 1 attempted to

-rge to the left turn only lane on 12400 Edgemere and collided
ith Unit 2 causing the listed damages. The driver of Unit 1
subsequently fled the scene. The driver of Unit 2 stated that
she was stopped at a red light and.observed Unit 1 attempt to
""squeeze"" into the left turn lane then felt Unit 1 hit her. The
driver of Unit two stated that the she followed the driver of
nit 1 to 12680 Tierra Este(Wells Fargo Bank) and retrieved
I-ney from.the.ATM and.was able to get Unit 2‘s plates to be Tx
BE87412 a white GMC truck. There were no injuries reported to
the officer",2,79,WB,TH,WB,TH,unit 1,side swipe
18-278175,"Turning from.Tierra Este on to Edgemere on Left middle lane. The
light had turned green and Unit 1 was behind Unit 2, both on the
'ddle lane turning left. Traffic moved and then stalled

IEIEE3 CHM-‘G55

 

ea
3
o
‘G
E

CONDITIONS

 

causing Unit 2 to stop and Driver of Unit 1 rear ended Unit 2.
lo on scene investigation, no injuries were reported, diagram.is
approximate",2,80,WB,LT,WB,LT,unit 1,rear end
17-089193,"The driver of Unit 2 contacted the Telephone Reporting Unit to
file the following accident that occurred.by the intersection of
Edgemere Blvd. and Tierra Este Rd. in El Paso, TX on 03-30-2017
at approximately 2030hrs. The driver of Unit 2 stated that he
as traveling eastbound on Edgemere Blvd. and he was on the
right, and that the driver of Unit 1 was behind.him_ The driver
of Unit 2 stated that he made a complete stop at the signal
light, however, the driver of Unit 1 did not stop on time and
caused a rear end over Unit 2. The driver of unit 2 stated that
the impact pushed his car and impacted another car in front of
im_ The driver of Unit 2 stated that the driver of Unit 3 just
confirmed if he was ok and she had no damages on her car and
left. The driver of Unit 2 stated that he did not get the
information on Unit 3. The driver of Unit 2 is filing this
report for insurance purposes. The diagram.is approximate.",2,81,EB,TH,EB,TH,unit 1,rear end
17-104138,"river of U—2 called the Telephone Reporting Unit to report a
crash on the listed date and time. Driver of U—2 stated he was
going East on Edgemere Blvd in the middle lane; Driver of U—1

as directly right behind.him_ Driver of U—2 stated as they were
driving East approaching the lights at the intersection of
Edgernere Blvd/Tierra Este Rd, Driver of U—1 rear ended him.
""river of U—2 was given a report number. Diagram.is approximate.",2,82,EB,TH,EB,TH,unit 1,rear end
17-146207,"ﬂriver of Unit 2 came in to the PHRC COLLISION REPORTING CENTER
and stated that on the listed date and time at the address of
occurrence Unit 2 was east on Edgemere at a red traffic light
and as the light turned green, Unit 2 began to cross the
intersection and'was rear ended.by Unit 1. No injuries or
itnesses reported.",2,83,EB,TH,EB,TH,unit 1,rear end
17-184249,"12400 Edgemere is a three lane roadway intersected.by 12600
Tierra Este, which is a four lane roadway traveling north and
south. Driver of Unit 2 stated that she was traveling west on
the 12400 block of Edgemere, in which she had the light just
turn green, when Driver 0f Unit 1 bumped into her back center
humper. Driver of Unit 1 stated that he was trying to pick up
is wallet which had fallen on the floor of his vehicle and
hefore he knew it, he was unable to stop in time and.bumped into
the back center bumper of Unit 2. Investigation revealed that
3 river of Unit 1 failed to control his speed causing the
accident. Driver of Unit 1 was issued a citation for the listed

G

traffic violation (19—082416). There were no injuries or
itnesses reported at the scene.",2,84,WB,TH,WB,TH,unit 1,rear end
17-222150,"12500 Tierra Este is a two way 5 lane road way for traffic

IEIEE3 CHM-‘G55

     

FA CT ORS &
CONDITIONS

traveling north and southbound, with no means of separation.
nit 3 was stopped on the right lane facing southbound on 12500
Tierra Este just before the intersection of 12400 Edgemere and
Tierra Este at the red signal light awaiting signal rotation.
nit 2 was traveling southbound on the right lane behind unit 3
coming up to the intersection. Unit 1 was also traveling
southbound on Tierra Este on the right lane coming up behind
nit 2. Unit 3 then proceeded forward after the signal rotated
green but stopped.abruptly for traffic. As unit 1 approached
and.was unable to stop in time, unit 1 struck unit 2 which was

DIA GRAM

then pushed into unit 3. All units sustained minor damage from
en the collision. No reported injuries. No reported witnesses. No

N

:: citation was issued due to unit 2 driver leaving the scene prior
to officer arrival",2,85,SB,TH,SB,TH,unit 1,rear end
17-236187,"12400 Edgemere is a 2 way 6 lane roadway with 3 lanes traveling
Eastbound.with a left mandatory left lane, 3 lanes traveling
estbound with a mandatory left turn lane divided.by a solid
ellow line. 12600 Tierra Este is a 2 way 6 lane roadway with 3
lanes traveling Southbound.with a left mandatory left lane, 3
lanes traveling Northbound with a mandatory left turn lane
divided.by a yellow solid line. Driver of Unit 2 was traveling
Iorthbound on the 12600 block of Tierra Este stopped at the red
light at the intersection of Tierra Este and Edgemere. Driver of
nit 1 was also traveling Northbound on the 12600 block of
Tierra Este stopped. behind Unit 2. Driver of Unit 1 failed to
control speed and collided with Unit 2 rear end",2,86,NB,TH,NB,TH,unit 1,rear end
17-253077,"12300 EDGEMERE IS A MARKED, 2-WAY, 5 LANE ROADWAY RUNNING
EAST/‘WEST BOUND, WITH 3 LANES RUNNING EAST INCLUDING A MANDATORY
LEFT TURN LANE AND 2 WEST BOUND LANES DIVIDED BY A RAISED

I I DIAN. 12600 TIERRA ESTE IS A MARKED, 2-WAY, 5 LANE ROADWAY
RUNNING NORTH/ SOUTH BOUND, WITH 3 LANES RUNNNING NORTH BOUND
INCLUDING A MANDATORY LEFT TURN LANE AND 2 LANES RUNNING
SOUTHBOUND DIVIDED BY SOLID YELLOW LINES. UNIT 1 WAS WEST BOUND
ON EDGEMERE ON THE MANDATORY LEFT TURN LANE ONTO TIERRA ESTE.

IT 2 WAS EAST BOUND ON CENTER LANE. UNIT 1 FAILED TO YIELD
RIGHT-OF-WAY MAKING A LEFT TURN AND AS A RESULT, TURNED INFRONT
OF UNIT 2 ‘WHICH CAUSED UNIT 2 TO COLLIDE WITH UNIT 1. THERE

RE NO INJURIES REPORTED. ‘WITNESS-01 JESSE SNYDER 915-526
-5254 STATED THAT HE WAS NEXT TO UNIT 2 AND THEY BOTH HAD A
CIRCULAR GREEN LIGHT ‘WHICH MEANT THAT UNIT 1 ALSO HAD A CIRCULAR
GREEN LIGHT AND NOT A GREEN ARROW. DRIVER OF UNIT 1 STATED THAT
HE HAD A GREEN LIGHT BUT NOT THE GREEN ARROW AND MADE HIS LEFT
TURN THINKING HE HAD PLENTY OF TIME AND DISTANCE FROM THE
PPROACHING UNIT 2",2,87,WB,LT,EB,TH,unit 1,left turn
17-272184,"Hit & Run incidentDriver of Unit 2 called the Reporting Unit to
document the following incident: Driver of Unit 2 stated that
she was stopped in the right lane of a two lane roadway on
Edgemere Blvd facing east, intersecting with Tierra Este Road.
wriver of Unit 1 was directly behind Unit 2. Driver of Unit 2
stated that as soon as the light green, Unit 1 speed.up and
crashed into the rear drivers bumper area and then fled the
scene. No on scene investigation was conducted and no injuries
ere report by Driver of Unit 2. Information was no exchanged,
hut Driver of Unit 2 managed to jot down the license plate of
nit 1 which fled the scene. Report is being filed for
insurance purposes",2,88,EB,TH,EB,TH,unit 1,rear end
17-287198,"12700 Tierra Este is a two way roadway with two south bound
lanes and two north bound lanes each with a protected left turn
lane. Unit #2 was traveling south bound at 12700 Tierra Este on
the right lane and'was at a complete stop waiting for a green
light. Unit #1 was also traveling south bound at 12700 Tierra
Este on the right lane directly behind Unit #2 and failed to
control its speed colliding into the rear of Unit #2 causing the
listed damage. Unit #1 then fled the scene. No injuries were

I -ntioned. Driver of Unit #2 stated that an unknown witness
observed the accident and.provided her the Unit #1*s vehicle
plates",2,89,SB,TH,SB,TH,unit 1,rear end
17-318218,"12400 Edgemere is a five lane roadway with two lanes for
estbound traffic, two lanes for eastbound traffic and a
-ndatory left turn lane. 12600 Terra Este is a five lane

roadway with two lanes for northbound traffic, two lanes for

southbound traffic and a mandatory left turn lane.Unit #1 was

traveling westbound on Edgemere and.proceeded to enter the
-ndatory left turn lane. Unit #1 proceeded to make a left turn

as it entered the intersection. Unit #1 advised several vehicles

slowed and yielded to him.to allow him.to proceed. Unit #1

entered the intersection and advised was struck on the right

side of his vehicle. Unit #1‘s back right tire deflated as a

result of the crash. Unit #2 was traveling eastbound on Edgemere

as it approached the intersection. Unit #2 entered the

intersection on a steady green light. Unit #2 observed Unit #1

""cut in front of her” and she attempted to slow down but was
nable to and the two collided. Officers noted no reported

injuries or independents witnesses. The driver of Unit #1 was

5
E
5..
o
o
2
E.
E
E
E
2

cited for failing to yield the right of way on a left turn",2,90,WB,LT,SB,TH,unit 1,left turn
17-331208,"river of Unit 2 came in to the PHRC COLLISION REPORTING CENTER
and stated that on the listed date and time at the address of

occurrence Unit 2 was driving across the intersection heading

IEIEE3 CHM-‘G55

  
 
 

FA CT ORS &
CONDITIONS

south on Tierra Este with a green light and Unit 1 was making a
left turn west while heading north on Tierra Este and collided
into the front left quarter panel of Unit 2 with his front left.
Io injuries or witnesses reported. Unit 2 inspected.by C1309",2,91,EB,LT,SB,TH,unit 1,head on
17-355030,"12300 EDGEMERE IS A.4LN/2WAY ROADWAY (E/W3 WITH A.MANDATORY LEFT
TURN LANE AND ITS DIVIDED BY AN ELEVATED MEDIAN. 12600 TIERRA
ESTE IS A.4LN/2WAY ROADWAY (N/S) WITH A.MANDATORY LEFT LANE AND
ITS DIVIDED BY A.DOUBLE YELLOW LINE. UNIT #1 WAS TRAVELING EAST
ON EDGEMERE. UNIT #2 AND UNIT #3 WERE TRAVELING NORTH ON TIERRA
ESTE. UNIT #1 DRIVER STATED THAT HE FELL.ASLEEP AT THE WHEEL
* I CROSSED THE INTERSECTION WHILE THE LIGHT WAS RED. UNIT #1
""RIVER STATED THAT HIS VEHICLE STRUCK UNIT #2. UNIT #2 DRIVER
STATED THAT SHE WAS STOPPED FACING NORTH ON TIERRA ESTE, WAITING
FOR THE GREEN ARROW TO.ATTEMPT.A LEFT TURN ONTO EDGEMERE. UNIT
#2 DRIVER STATED THAT THE LIGHT TURNED GREEN AND SHE CROSSED THE
INTERSECTION TO MAKE.A LEFT TURN, WHEN UNIT #1 STRUCK HER

HICLE ON THE BACK LEFT PANEL. UNIT #3 DRIVER STATED THAT SHE
.AS STOPPED.AT THE RED LIGHT ON THE LEFT LANE. UNIT #3 DRIVER
STATED THAT THE LIGHT TURNED GREEN AND SHE ENTERED THE
INTERSECTION, WHEN SHE HEARD A.LOUD CRASH AND UNIT #2‘S SPARE
TIRE STRUCK HER VEHICLE. UNIT #1 SUSTAINED FRONT BUMPER DAMAGE,

IT #2 SUSTAINED BACK LEFT PANEL DAMAGE AND FRONT BUMPER
HAMAGE. UNIT #3 SUSTAINED DRIVER SIDE DOOR DAMAGE. UNIT #2
""RIVER COMPLAINED OF PAIN TO HER LEFT SHOULDER, LEFT LEG AND HER
BACK. THERE WERE NO WITNESSES REPORTED",2,92,EB,TH,NB,TH,unit 1,right angle
18-014081,"The 12700 block of Tierra Este is a 5 lane roadway that travels

IEIEE3 CHM-‘G55

 

ea
3
o
‘G
E

CONDITIONS

 

in the direction of North and South with 2 lanes traveling
southbound and 2 lanes traveling northbound and a designated
center turning lane. The 12400 block of Edgemere is a 5 lane
roadway that travels in the direction of East and.West with 2
lanes traveling eastbound and 2 lanes traveling westbound with a
-ndatory turning lane traveling westbound.Unit 1 driver advised
e was traveling northbound on Tierra Este on the number two
lane. Unit 1 driver advised he had the green light and was
traveling northbound on Tierra Este when Unit 2 who was
traveling southbound on Tierra Este attempted to turn eastbound

DH-‘I GRAM

into Edgemere and collided with Unit 1. Unit 2 driver advised

D
r|'ti1
db‘
gm
I-e:
I391
LQU1
I-'r|'
£3
“E

I-'
G P
tit!
I-'L‘-'2
r|'

In
“S
%e
So
(‘Dd
“E
to
4 H
|_I.
till-II
(‘DI-'
‘lﬁ
ml""!
i:1‘i1J'
(‘D

III
:3‘!!!
NH""
Q m
r|'O
i3‘l:i
(‘D

Fl‘
LC-ID‘
gm
(‘D
ed
HIS!
5%
ITO
r|'|1

'<
Fl‘
0

turn and.when she attempted to turn eastbound on Edgemere Unit 1
collided with Unit 2. Unit 2 driver advised Unit 1 was on the
turning lane and decided to go straight last second and
therefore he collided with Unit 2. The officer was not able to
determine who was at fault, therefore nobody was cited",2,93,NB,TH,SB,LT,unknown,left turn
18-024208,"12400 BLOCK OF EDGEMERE IS A.FIVE LANE ROADWAY TRAVELS EAST/WEST BOUND
ITH A.MANDATORI LEFT TURN LANE AND IS DIVIDED BY.A RAISED MEDIAN. 12600
HLOCK OF TIERRA ESTE IS A.FIVE LANE ROADWAY TRAVELS NORTH/SOUTH BOUND
ITH A.MANDATORI LEFT TURN LANE AND IS DIVIDED BY.A RAISED MEDIAN. UNIT
1 WAS TRAVELING WEST BOUND ON EDGEMBERE IN THE MANDATORY LEFT TURN LANE.
IT 2 WAS TRAVELING EAST BOUND IN THE INSIDE LANE. UNIT 3 WAS FACING
IORTH BOUND IN THE INSIDE LANE. UNIT 1 DRIVER.ADVISED HE WAS TRAVELING
ST BOUND ON EDGEMERE (MANDATORY LEFT TURN) AND HAD A.GREEN ARROW TO
TURN LEFT ONTO TIERRA ESTE. UNIT 1 DRIVER.ADVISED WHEN HE MADE THE LEFT
TURN UNIT 2 STRUCK HIS VEHICLE. UNIT 2 DRIVER.ADVISED HE WAS TRAVELING
IAST BOUND ON EDGEMERE IN THE INSIDE LANE AND HAD A.GREEN LIGHT. UNIT 2
ﬂRIVER.ADVISED UNIT 1 ENTERED HIS PATH AND UNIT 2 DRIVER.ADVISED HE
*'PLIED THE VEHICLE BRAKES. UNT 2 DRIVER.ADVISED HE WAS UNABLE TO STOP
e I STRUCK UNIT 1. UNIT 3 DRIVER.ADVISED HE WAS EACING NORTH BOUND

 

ea
3
o
‘G
E

CONDITIONS

  

ND om GRAM
ﬁe‘
I-I
I-II
H
E
o
'11
O
‘EU
tie‘
a
E
III
E
E
H
E
I-II
O
E
I-II
H
E
H
In
I-II
M
Q
I-I
I-II
Let
U
E
a
EU
E
H
0'!
L11
U
E

Q OBSERVED UNIT 1 MAKE THE LEFT TURN AND UNIT 2 STRUCK UNIT 1. UNIT 3
ﬂRIVER.ADVISED WHEN HE OBSERVED THE ACCIDENT IT CAUSED UNIT 1 TO SPIN IN
THE INTERSECTION AND UNIT 1 STRUCK UNIT 3. OFFICER.WHILE AT THE SCENE
IIT WITH WITNESS-01 (LESLIE, PEREZ/315-236-4662) WHO ADVISED SHE WAS IN
THE SONIC PARKING LOT WHEN SHE OBSERVED UNIT 1 MAKE A.LEFT TURN IN FRONT
OF UNIT 2. WITNESS-O1 ADVISED SHE OBSERVED THE ACCIDENT AND WENT TO

P NDER.AID TO THE INVOLVED PARTIES. WITNESS-02 (MARTINEZ, ALBERT/915-539
-5588) ADVISED HE WAS IN THE SONIC PARKING LOT FACING NORTH BOUND
*TTEMPTING TO EXIT (EAST BOUND ON EDGEMERE) THE PARKING LOT. WITNESS-O2
eIVISED HE OBSERVED VEHICLE TRAVELING EAST BOUND ON EDGEMERE AND WAITED
FOR TRAFFIC. WITNESS-02 ADVISED HE OBSERVED UNIT 1 MAKE A.LEFT TURN IN
FRONT OF UNIT 2 WHEN UNIT 2 HAD A.GREEN LIGHT. POSSIBLE INJURIES (NECK)
TO UNIT 2 DRIVER.AND UNIT 1 PASSENGER (LEFT HIP/RIGH ANKLE/LEFT ARM",2,94,WB,LT,EB,TH,unit 1,left turn
18-050208,"river of Unit 2 came in to the PHRC COLLISION REPORTING CENTER
and stated that on the listed date and time at the address of

occurrence Unit 2 was stopped at a red traffic light heading

IEIEE3 CHM-‘G55

 

ea
3
o
‘G
E

CONDITIONS

 

north on Tierra Este and Unit 1 was in the left turn lane with a
green light and then the light turned red and Unit 1 tried to

I- e a lane change and collided into the left distribution of
nit 2. No injuries or witnesses reported",2,95,NB,TH,NB,TH,unit 1,side swipe
18-071119,"river of Unit 2 contacted the Telephone Reporting Unit to

IEIEE3 CHM-‘G55

 

ea
3
o
‘G
E

CONDITIONS

 

document the following: Driver of Unit 2 was traveling
estbound on Edgemere Blvd in the left lane. Driver of Unit 1
as traveling eastbound on Edgemere Blvd as well and approached
the intersection of Tierra Este Road and.made a U—turn and

crashed into Unt 2. No on scene investigation was conducted and
no injuries were reported.by either drivers. Information was
exchanged.by both drivers. Report is filed for insurance
purposes",2,96,EB,LT,WB,TH,unit 1,left turn
18-107262,"The 12400 block of Edgernere is a -*-1 lane roadway divided by a

IEIEE3 CHM-‘G55

 

ea
3
o
‘G
E

CONDITIONS

 

protective mediuntwhich travels East/West with two westbound
lanes, a mandatory left turn lane and two eastbound lanes with a

-ndatory left turn lane at the intersection of Tierra Este.
The 12700 block of Tierra Este is a 4 lane roadway divided a two
—way left turn lane with which travels North/South with two
northbound lanes and two southbound lanes. Unit #2 was
traveling westbound on Edgemere in the far left lane when Unit
#1 who was traveling Eastbound on Edgemere crossed the
Intersection of Tierra Este and failed to yield the right of way
turning left at an open intersection on to Tierra Este
northbound subsequently colliding with Unit #2s left driver side
door resulting in the listed damage. Unit #1 sustained damage to
the front left bumper as a result of the collision. No

itnesses or injuries reported at the scene. Driver of Unit #1
as citied # 19—223126 (Failed to Yield the right Of Way—Left",2,97,EB,LT,WB,TH,unit 1,left turn
18-176107,"12600 Tierra Este is a four lane north and south bound roadway,

IEIEE3 CHM-‘G55

 

ea
3
o
‘G
E

CONDITIONS

 

ith a left turn lane. Double yellow lines divide Tierra Este.

nit # 2 was traveling north bound in the left hand turn lane on
the 12600 block of Tierra Este. Unit # 1 was traveling north
hound in the left hand turn lane on the 12600 block of Tierra
Este behind unit # 2. Both units were at a complete stop at the
red light. The light turned green, so unit # 2 began to move
forward. Unit # 1 began to move behind unit # 2. Unit # 2 came
to a complete stop, to yield the right away to vehicles
traveling south bound on Tierra Este. Unit # 2 failed to stop
in time and.struck unit # 2 from behind",2,98,NB,TH,NB,TH,unit 1,rear end
18-243204,"12400 Edgemere is a four lane, two way roadway traveling East

IEIEE3 CHM-‘G55

 

ea
3
o
‘G
E

CONDITIONS

 

and.West, divided.by a dirt center median and a mandatory left
turning lane. Unit 2 was traveling West bound on Edgemere on
the outside lane, and'waiting on a red light. Unit 1 was
traveling West bound on Edgemere on the outside lane, behind

nit 2. Driver of unit 1 stated another vehicle was passing him
to his right, which caught his attention and'without noticing,
is vehicle was mbving forward, striking unit 2 on the rear.
There were no reported injuries at the scene and no witnesses",2,99,WB,TH,WB,TH,unit 1,rear end
18-251174,"12300 Edgernere is a 2 way road way divided by a raised median

IEIEE3 CHM-‘G55

 

ea
3
o
‘G
E

CONDITIONS

 

ith 2east and 2 west bound lanes both having a mandatory left
turn lane. Unit—02 was in the far right lane on 12300 Edgemere
facing east stopped at a red light. Unit—01 was directly behind
nit—02 in the same lane facing east stopped at the red light.
The driver of Unit—01 stated he began to roll forward to close
the distance,and.by unknown reason accelerated forward striking
nit—02 from.the rear. Unit—02 received the listed rear damage.
nit—01 received the listed front end damage. No injuries were
reported, and no independent witnesses were located. The
officers issued Unit—01*s driver for failure to control speed
causing an accident",2,100,EB,TH,EB,TH,unit 1,rear end
19-190089,"The 12700 block of Tierra Este Rd is a 4—lane, 2-way street
divided.by a painted line. Unit 2 was in the far right lane

IEIEE3 CHM-‘G55

 

ea
3
o
‘G
E

CONDITIONS

 

traveling SB. Unit 2 was at a complete stop behind 2 other
ehicles at a red light. Unit 1 approached directly behind Unit
2 and rear—ended the vehicle. Unit 1 fled the scene. There are

no witnesses to report",2,101,SB,TH,SB,TH,unit 1,rear end
19-228042,"The 12400 block of Edgemere is a 4 lane roadway, with 2 lanes

IEIEE3 CHM-‘G55

 

ea
3
o
‘G
E

CONDITIONS

 

traveling in the eastbound direction and 2 lanes traveling in
the westbound direction with an additional mandatory left turn
lane in the westbound direction. Unit #1 and Unit #2 were both
traveling in the westbound direction, in the middle lane (#2).
Both drivers stated the traffic light was red and.both had
initially been at a stop, also due to traffic in the area. Unit
#2 stated the traffic signal had turned green but no vehicle had
hegun to move and the sensors on her vehicle began to warn her
about the accident and felt her vehicle be pushed forward due to
the impact from.Unit #1 striking her vehicle from behind_ The
driver of Unit #1 stated that he observed the traffic signal

is speed striking Unit #2. No injuries or witnesses were
reported at the scene",2,102,WB,TH,WB,TH,unit 1,rear end
19-260235,"The 2300 block of Edgemere is a five lane roadway with two

IEIEE3 CHM-‘G55

 

ea
3
o
‘G
E

CONDITIONS

 

lanes that travel east, two lanes that travel west, a mandatory
left hand turn lane and is divided.by a raised concrete median.
The 12300 block of Edgemere intersects with the 12600 block of
Tierra Este which have five lanes, two lanes that travel north,
two lanes that travel south which are divided.by a center left
and turn lane. The driver of Unit 1 advised that she was
traveling west on Edgemere and attempting to turn left onto
Tierra Este after observing a green signal but not a green turn
signal. The driver of Unit 2 advised that he was traveling east
on Edgemere in the outside lane when he observed Unit 1 turn in
front of him, failing to yield the right of way. The driver of
nit 2 advised he hit his brakes in an attempt to avoid the
collision but was unable to. No injuries were reported on scene",2,103,WB,LT,EB,TH,unit 1,left turn
19-273057,"The 12300 block of Edgemere Blvd is a 4—lane, 2-way street
divided.by a median. Unit 1 was stopped at a red light in the

IEIEE3 CHM-‘G55

 

ea
3
o
‘G
E

CONDITIONS

 

right lane. Unit 2 was also in the right lane and'was waiting
to make a right turn onto Tierra Este Rd. Unit 1 made a right
turn and struck the front left corner of Unit 2. There are no

itnesses to report",2,104,EB,RT,EB,RT,unknown,rear end
19-302088,"12600 TIERRA ESTE is a north/south roadway divided.by a double
ellow line with 2 lanes north and 2 lanes south and a mandatory

IEIEE3 CHM-‘G55

 

ea
3
o
‘G
E

CONDITIONS

 

left turn lane on either side controlled.by a traffic light.
12300 EDGEMERE is a 2 way east/west roadway divided.by a raised
I-dian with 2 lanes east and 2 lanes west with a mandatory left
turn lane on either side controlled.by a traffic light. Unit 2
as north bound on Tierra Este and went into the left turn lane
and stopped in the intersection (had a green light but not a
green arrow protecting her turn) and she stopped as there was
oncoming traffic and was rear ended.by Unit 1. Parties
exchanged information at the scene and Unit 2 came in to PHRC.
Report taken at the PHRC COLLISION REPORTING CENTER.",2,105,NB,TH,NB,TH,unit 1,rear end
19-320140,"12300 Edgemere is five lane roadway traveling West and East.
East bound lanes have a number 1 lane being a left turn

-ndatory lane, number 2 lane is a East bound only and number 3
is a right turn and East bound lane. West bound lane are
straight lane only. Unit 1 and Unit 2 were traveling East bound
on Edgemere. While both units were at a stop due to the traffic
light being red. Unit 2 backed up without safety trying to
enter into Welgreens and collided with Unit 1. No injuries or
itnesses were reported at the scene. Both vehicles were removed
from.the roadway by the owners.",2,106,EB,TH,EB,TH,unit 1,rear end
20-0306,"nit 1 heading westbound on the 12400 Edgemere, a two way four

IEIEE3 CHM-‘G55

 

ea
3
o
‘G
E

CONDITIONS

 

lane roadway separated.by a raised.median running east and west.
*t the point of the accident, unit 3 was stopped on the right
lane, before the crosswalk, yielding the right of way to
pedestrians. Unit 2 came directly to a stop behind unit 3. Unit
1, was on the right lane traveling at a high rate speed, driver
as inattentive and struck unit 2 directly to its rear. The
initial impact caused a chain reaction in which unit 2 stuck
nit 3 on its right back quarter. Unit 1 suffered heavy damage
to its FD. Unit 2 suffered.moderate damage to its rear. Unit 3
suffered.mdnor damage on its right back quarter. EMS was
requested, EPFD Q—37 arrived on scene at 1544 . All parties
denied.medical assistance and declined.from.transport.",2,107,WB,TH,WB,TH,unit 1,rear end
20-0007232,"12380 Edgernere way roadway that runs east and west. 12700 Tierra

IEIEE3 CHM-‘G55

 

ea
3
o
‘G
E

CONDITIONS

 

Este is a two way roadway that runs north and south. Unit 2 was
traveling east on 12380 Edgemere and came to a complete stop due
to the traffic control device turning red. Unit 1 was traveling
12700 Edgemere behind unit 2 and collided into unit 2. Both
nits pulled into the parking lot of 12380 Bahama Bucks and
awaited.police assistance. Officers issued unit 1 driver a
citation for failure to control speed. No injuries were
reported. No witnesses were on the scene. Both vehicles were

E
ﬂ
E

, no tow truck was needed.",2,108,EB,TH,EB,TH,unit 1,rear end
20-009104,"The 12600 block of Tierra Este RD is a 5- lane street divided.by
a center left and right turn lane. The 12300 block of Edgemere

IEIEE3 CHM-‘G55

 

ea
3
o
‘G
E

CONDITIONS

 

Blvd is 4 lane divided.by a median. Unit 2 was traveling SB on
Tierra Este RD in the far left lane with the signal light green.
nit 1 was on the far right lane on Edgemere turning into Tierra
Este. Unit 1 impact Unit 2 right side. He witnesses to report.",2,109,EB,RT,SB,TH,unit 1,left turn