case_id,description,Intersection_num,case_no.,unit_1_direction,unit_1_movement,unit_2_direction,unit_2_movement,unit_at_fault,crash_type
20-060107,"The 12600 block of Tierra Este is a 5 lane roadway that travels

 

ea
3
o
‘G
E

CONDITIONS

 

north and south with 2 lanes traveling northbound and 2 lanes
traveling southbound and a mandatory center turning lane. The
12400 block of Edgemere is a 4 lane roadway that travels East
and.West with 2 lanes traveling eastbound and 2 lanes traveling
estbound. Unit 2 was traveling northbound on Tierra Este on the
number one lane when Unit 1 who was also traveling on the number
one lane failed to control speed and collided into the rear of
nit 2. No injuries or witnesses were reported at the scene.",2,110,NB,TH,NB,TH,unit 1,rear end
20-064188,"12400 EDGEMERE is a 2 way east/west roadway with 2 lanes east
and 2 lanes west divided.by a raised.median and controlled.by a

 

ea
3
o
‘G
E

CONDITIONS

 

traffic light. 12700 Tierra Este is a 2 way north/south roadway
ith 2 lanes north and 2 lanes south divided.by a double yellow
line. Unit 2 was east on Edgemere and stopped at the red
traffic light and Unit 1 side swiped Unit 2 and did not stop
fleeing down Tierra Este. No injuries or witnesses reported.
Report taken at the PHRC COLLISION REPORTING CENTER.",2,111,EB,TH,EB,TH,unit 1,side swipe
20-130066,"The 12700 block of Tierra Este at Edgemere is a two way roadway

IEIEE3 CHM-‘G55

 

ea
3
o
‘G
E

CONDITIONS

 

that travels north and south bound and is controlled.by signal
lights. 12700 Tierra Este north bound has a left only turn lane,
a straight only lane, and an optional straight or right turn
lane to Edgemere east bound. 12700 Tierra Este sound.bound has
a left only turn lane, a straight only lane, and an optional
straight or right turn lane on to Edgemere west bound. The
driver of Unit 1 stated he was in the northbound left turn lane
on 12700 Tierra Este to make turn onto 12400 Edegemere west
hound and had a solid green light. The driver of Unit 1 stated
e observed Unit 2 speed.up as the light was changing from
ellow to red and.proceeded through the intersection and
collided into the front left bumper of Unit 2. The driver of
nit 2 stated he was traveling south bound on 12700 Tierra Este
in the far left lane. The driver of Unit 2 stated the light at
the intersection was at yellow and he proceed through the
intersection and observed that Unit 1 had.made a left turn. The

E
E
5..
o
o
2
E.
E
E
E
2

driver of Unit 2 stated he attemted to maneuver around Unit 1
hut was unsuccessful and collided into the front left part of
nit 1. No injuries and no independent witnesses remained at the
scene. The driver of Unit 1 was cited for Fail to Yield the
Right of Way Left Turn Causing.Accident.",2,112,NB,LT,SB,TH,unit 1,left turn
20-148103,"The 12300 block of Edgemere Boulevard is a five lane boulevard

IEIEE3 CHM-‘G55

 

ea
3
o
‘G
E

CONDITIONS

 

that runs east to west with two lanes going on both directions
and one mandatory left turn lane on both directions. Edgemere
Blvd intersects with Tierra Este Road.which runs north to south.
wriver of U—2 was on Edgemere Blvd headed east and'was on the
left turning lane to make a left turn onto Tierra Este Rd. and
""river of U—1 came up behind U—2. Driver of U—2 stated that she
felt the impact of U—1 rear ending U—2. Driver of U—2 stated
that after the impact she saw in her rear view mirror and saw
that Driver of U—1 was on her cell phone. Driver of U—2 stated
that she called 911 and she was advised to exchange driver
license and.plate numbers. Driver of U—2 stated that they both
:-de the left turn onto Tierra Este Rd. to exchange information
a lot of people came to Driver of U—1*s assistance; Driver of U
-2 did not know what the relationship was to the driver. Driver
of U—2 stated that a woman was the one that did the information
exchange and Driver of U—1 did not speak to her. Driver of U—2

E
E
5..
o
o
2
E.
E
E
E
2

as advised a couple of days later to try and obtain the
insurance information and she attempted it but the same woman
that did all the talking for Driver of U—1 came out and told her
that she was not giving her any more information and to call
police if she wanted. Driver of U—2 was assigned a case number
and.would like to follow up with STI. No on site investigation
as conducted. Diagram.is approximate",2,113,EB,TH,EB,TH,unit 1,rear end
20-156221,"The 12300 block of Edgernere is a four—lane,. two—way roadway with

 

ea
3
o
‘G
E

CONDITIONS

 

an addition left turn only lane at the intersection, where lanes
travel East and'West. The 12600 block of Tierra Este is a four
—lane, two—way roadway that is divided.by a mandatory two—way
left turn lane, where lanes travel North and South. Officers met
ith Unit—2 at 12101 Edgemere (The Hospitals of Providence
Emergency Room.— Edgemere) who stated Unit—2 was traveling East
on Edgemere on the right lane. Unit—2 stated that they were at a
alt when Unit—1 drove from behind Unit—2 and struck Unit—2
causing the listed damage. The driver of Unit—2 stated.both
parties met in the parking lot and exchanged information. Unit—2
stated that all parties in Unit—2 felt back pain but refused to
he transported.by paramedics. Unit—2 stated after exchanging
information, Unit—2 drove to the hospital and Unit—1 left the
scene. The driver of Unit—2 stated he felt back pain. The two
other passengers in Unit—2 also advised they felt back pain.
nit—2 stated there were no independent witnesses",2,114,EB,TH,EB,TH,unit 1,rear end
20-170213,"12700 block of Tierra Este is a five lane, two way roadway that

IEIEE3 CHM-‘G55

 

ea
3
o
‘G
E

CONDITIONS

 

is divided.by a raised.median and designed with two southbound
lanes, one mandatory left turn lane and two northbound lanes,
hich intersects with Edgemere Blvd and is controlled.by traffic
signal lights. Driver of Unit #2 was traveling South at the
12700 block of Tierra Este, on the number two lane on a steady
green light. Driver of Unit #1 was traveling North at the 12600
hlock of Tierra Este on the number one lane (mandatory left turn
lane). Driver of Unit #1 stated that he had approached and
entered the intersection on a steady green light (no arrow),
failing to yield the right of way, colliding into Unit #2,

DM GRAM

causing the listed damages. Fire and Medical services were

:: transported to the hospital. No independent witnesses were
identified at the scene.",2,115,NB,LT,SB,TH,unit 1,left turn
20-223259,"12600 Tierra Este is a five lane roadway that contains two lanes

IEIEE3 CHM-‘G55

 

ea
3
o
‘G
E

CONDITIONS

 

that‘s travel south and three lanes that travel north with a
-ndatory left turn lane. Unit #2 was in the #2 lane facing
north. Unit #1 was behind Unit #2. The driver of Unit #2 advised
that the left turn arrow turned green and that‘s when Unit #1
struck Unit #2. The driver of Unit #2 advised that the driver of
nit #1 got out of the vehicle and asked if they were okay. The
driver of Unit #2 advised that she assumed that Unit #1 would
follow her into the business parking lot but Unit #1 fled the
scene northbound on Tierra Este. The driver of Unit #1 advised
that she had.pain to her neck and lower back but refused.medical
attention at the scene.",2,116,NB,TH,NB,TH,unit 1,rear end
20-298129,"The 12400 block of Edgemere is a 4 lane roadways with two lanes

 

ea
3
o
‘G
E

CONDITIONS

 

for westbound travel and two lanes for eastbound travel with
additional lanes for turning left divided.by solid yellow lines.
The 12700 block of Tierra Este is a 4 lane roadways with two
lanes for southbound travel and two lanes for northbound travel
ith additional lanes for turning left divided.by solid yellow
lines. The driver of Unit #2 was traveling westbound in the
number 2 lane when she enter the intersection on a solid green
light. Driver of Unit #1 attempted to make a north bound turn
from.the mandatory turning lane and collided into unit #2.
wriver of Unit #1 was placed under arrest for driving while
intoxicated. Driver of unit #2 was transported to Sierra
Providence East ",2,117,NB,RT,WB,TH,unit 1,left turn
20-302026,"12600 Tierra Este is a four laned two way road that runs North

 

ea
3
o
‘G
E

CONDITIONS

 

and South and intersects with 12400 Edgemere which also has four
lanes that runs East and'West. U#2 stated that she was in the
right lane Northbound and'was stopped at a red light when u#1
struck her from behind. It should be noted that the operator
of u#1 had already been transported to the hospital prior to the
officers arrival. The officer was assisted.by another unit
1T875 who went to the hospital to inquire about u#1 operator.
Once the accident scene was cleared the officer followed up at
the hospital. While talking with u#1 operator, she stated that
hen she was approaching the intersection she attempted to apply
the brakes but stated that they were not working. Due to u#1
operators condition, who appeared to possibly be under the
influence of an unknown substance (she stated that she has
cancer and takes medication in the mornings but has not taken it
this morning) Officer Alegre #2616 (1T875) while at the hospital
gained consent to a blood draw and.will be awaiting results.
(2/3/2021) Still awaiting blood results",2,118,NB,TH,NB,TH,unit 1,rear end
20-308159,"12300 Edgemere is a four lane roadway, divided.by a protected
I-dian, used for west bound and east bound traffic. 12300

Edgemere has two left lanes, one to travel north bound and the

IEIEE3 CHM-‘G55

 

FA CT ORS &
CONDITIONS

 

other to travel south bound. 12700 Tierra Este is a four lane
roadway, divided.by an unprotected.median, used for north bound
and south bound traffic. Driver of unit 2 was traveling west
hound in the right hand lane when she advised unit 1 collided
into her vehicle. Driver of unit 2 advised that she did have the
green light. Driver of unit 1 advised he was on Edgemere facing
east bound, in the left turn lane to travel north bound. Driver
of unit 1 advised that he had the green light and not the green
arrow to travel north bound. Driver of unit 1 advised that he
hegan to turn and did not see unit 2 and collided into the
ehicle. There were no reported injuries and no independent
itnesses.",2,119,EB,LT,WB,TH,unit 1,left turn
21-002052,"The 12400 block of Edgemere Blvd is a two way, five lane roadway

IEIEE3 CHM-‘G55

 

ea
3
o
‘G
E

CONDITIONS

 

that has two eastbound lanes and three westbound lanes, (with
one mandatory left turn lane) and that is divided.by a raised
-dian. The 12600 block of Tierra Este is a two way, five lane
roadway that has two southbound lanes and three northbound lanes
(with one mandatory left turn lane) and that is divided.by a
double solid line and that intersects with the 12400 block of
Edgemere Blvd and is controlled.by signal lights. Driver of Unit
#1 stated that she was stopped facing east, at the 12400 block
of Edgemere, on the number one lane (left turn only lane)

aiting for the signal light to turn green. Driver of Unit #2

   
  
   
 

DH-‘I GRAM

as traveling westbound at the 12400 block of Edgemere on the
ca number three lane approaching the intersection on a solid steady

N

::green light, Driver of Unit #2 stated.that Driver of Unit #1
groceeded through the intersection, causing Unit #2 to collide
E into Unit #1. However, Driver of Unit #1 stated that her signal
E light activated with a green arrow, prorrpting her to proceed
through the intersection, and stated that Unit #2 ran a red
light, causing Unit #2 to collide into Unit #1. No independent
itnesses came forward to validate any of the conflicting
statements. Officers could not determine who was at fault for
causing the accident. No injuries were reported at the scene",2,120,EB,LT,WB,TH,unknown,left turn
21-067073,"The 12600 block Tierra Este Rd is a local road that travels
north to south and consists of a designated left turn lane in

IEIEE3 CHM-‘G55

 

ea
3
o
‘G
E

CONDITIONS

 

each direction and two lanes traveling in each direction. U1 was
traveling north on the right lane of Tierra Este Rd. U2 was in
front of U1. U1 failed to control his speed and rear ended U2
causing damages to the front bumper of U1. No onsite
investigation conducted. U1 was assigned a case number. Diagram
is approximate.",2,121,NB,TH,NB,TH,unit 1,rear end
21-127189,"12300 Edgemere Blvd is a 2 way road consisting of 2 eastbound lanes and

 

ea
3
o
‘G
E

CONDITIONS

 

2 westbound lanes with mandatory turning lanes. 12700 Tierra Este Rd is
a 2 way road consisting of 2 northbound lanes and 2 southbound lanes

ith mandatory turning lanes, which intersects with Edgemere. Unit 1 was
traveling eastbound on Edgemere making a left turn onto Tierra Este.

nit 2 was traveling westbound on Edgemere crossing the intersection of
Tierra Este.The driver of Unit 1 stated that she made a left turn onto
Tierra Este but did not observe Unit 2 or any other incoming traffic.
The driver of Unit 1 stated that she then collided into Unit 2. The
officer asked the driver of Unit 1 if she had a green arrow or just a
green light at which point the driver of Unit 1 stated that she only had
a green light.The driver of Unit 1, along with the passenger, stated

'5
'=|.'.

E dgemere and Tierra Este at which point Unit 1 collided into their

that they had a green light and were crossing the intersection of

nit 2 reported pain to his neck. They were all assessed by EMS Unit Q37
ho was on scene and all refused medical transport. There was 1 reported
independent witness (Jaime Contreras 915-401-4555) but the officer was
unable to make contact due to the witness being gone upon arrival and

NA ERA TH/E

as not able to make phone contact.It is the Officer's investigative
opinion that the driver of Unit 1 failed to yield the right of way
turning left, further causing an accident. The driver of Unit 1 was
cited accordingly",2,122,EB,LT,WB,TH,unit 1,left turn
21-154139,"12300 Edgernere is a 4 lane roadway for east and west bound

IEIEE3 CHM-‘G55

 

ea
3
o
‘G
E

CONDITIONS

 

travel divided.by a protected.median. 12700 Tierra Este is a 4
lane roadway for north and south bound travel divided.by a
double yellow line. Unit 1 was traveling east bound on Edgemere
in the mandatory left turn lane with the intent to turn north
hound on Tierra Este. Unit 2 was traveling west bound on
Edgemere in the number 1 lane. Unit 2 advised she had the green
signal light to proceed through the interaction. Unit 1 advised
that she had the solid green light to turn left if opposing
traffic permits. The driver of Unit 1 advised she did not see
any vehicles traveling west bound on Edgemere, so she proceeded
through the intersection causing Unit 2 to collide into Unit 1.

* ter further investigation, the officer determined the driver

f Unit 1 to be at fault. No injuries were reported",2,123,EB,LT,WB,TH,unit 1,left turn
21-195203,"The 12300 block of Edgemere Blvd is a two—way local roadway for
est and East bound traffic. The 12600 block of Tierra Este Rd

is two—way local roadway for North and South bound traffic. Unit

IEIEE3 CHM-‘G55

 

ea
3
o
‘G
E

CONDITIONS

 

1 was West on Edgemere Blvd and'was attempting to turn left on
Tierra Este, at the posted green yield traffic signal light.
nit 2 was East on Edgemere Blvd. Unit 1 collided into Unit 2
front left bumper. There were no injuries or witnesses to
report. No on scene investigation was conducted. Diagram.is
approximate. Diagrantper driver of Unit 1.",2,124,WB,LT,EB,TH,unit 1,left turn
21-229228,"12300 EDGEMERE IS A.FIVE LANE, TWO WAY DIVIDED BY.A RAISED
IIDIAN ROADWAY. IT IS DESIGNED FOR WESTBOUND AND EASTBOUND
TRAFFIC. UNIT# 2 ADVISED SHE WAS TRAVELING EASTBOUND ON EDGEMERE
IN THE 2ND LANE. UNIT# 2 ADVISED THAT SHE STOPPED DUE TO.A RED
LIGHT. UNIT# 1 WAS TRAVELING EASTBOUND ON EDGEMERE IN THE 2ND
LANE BEHIND UNIT# 2. UNIT# 1 COLLIDED WITH UNIT# 2. NO INJURIES
* I NO WITNESS REPORTED AT THE SCENE. UNIT# 1 FLED THE SCENE.",2,125,EB,TH,EB,TH,unit 1,rear end
2016-04336,"The 12700 block of Tierra Este El Paso County TX. is a four
laned unprotected.bi directional roadway with two lanes
traveling northbound and two lanes traveling southbound. The
12300 block of Edgemere is a four laned.protected.bi directional
roadway with two lanes traveling eastbound and two lanes
traveling westbound. Unit #1 was traveling northbound on Tierra
Este. Unit #2 was traveling southbound on Tierra Este. Unit #1
attempted to turn left (westbound) onto Edgemere and failed to
ield the right of way to Unit #2 causing Unit #2 to strike Unit
#1*s right front end with Unit #2*s right front end causing
damage. The driver of Unit #1 fled the scene after the incident.",2,126,NB,LT,SB,TH,unit 1,left turn
21168252,"12700 Tierra Este (southbound) is a two lane roadway running

IEIEE3 CHM-‘G55

 

ea
3
o
‘G
E

CONDITIONS

 

south with a mandatory left turn lane. 12400 Edgemere
(westbound) is a two lane roadway running west.Unit #2 was
southbound on Tierra Este in the right lane and had just entered
the intersection with Edgemere. Unit #1 was northbound on Tierra
Este and turned left into the westbound lanes of Edgemere.Upon
turning left, Unit #1 did not yield to Unit #2 and.both collided
in the intersection. Unit#1 left the scene and is unknown what
Iind of damage the vehicle sustained.Unit #2 sustained.minor
damage and'was still drivable. There were no injuries reported.
There was one possible witness that followed Unit #1 and.was
able to obtain the license plate number. Witness information",2,127,NB,LT,SB,TH,unit 1,left turn
21181239,"12700 Tierra Este is a two way road way that is divided by

IEIEE3 CHM-‘G55

 

ea
3
o
‘G
E

CONDITIONS

 

double yellow lines and has a left only turn lane, a lane to
proceed straight and an optional straight or right turn lane
going north and south bound. 12300 Edgemere is a two way roadway
that is divided.by a raised.median and has a left only turn
lane, a lane to proceed straight and an optional straight or
right turn lane going east and'west bound. The driver of unit 1
stated she was making a left turn to go east bound on the 12300
hlock of Edgemere when she collided into the back left bumper of
nit 2. The driver of unit 2 stated he was traveling north bound
on 12700 Tierra Este in the first lane when he was struck in the
hack left bumper by unit 1. There were no injuries reported and
no independent witness. The drive of unit 1 was cited for fail
to yield right of way left turn causing the accident.",2,128,SB,LT,NB,TH,unit 1,left turn
2021110053,"nit one was traveling east bound at the 12400 block of Edgemere
I- ing a left turn onto the 12700 block of Tierra Este Rd. Unit
two was traveling westbound at the 12400 block of Edgemere. Both

IEIEE3 CHM-‘G55

 

ea
3
o
‘G
E

CONDITIONS

 

nits had a green light. Unit 1 failed to yield the right of way
to Unit 2 and caused the collision between both units.",2,129,EB,LT,WB,TH,unit 1,left turn
21-235098,"The 12600 block of
Tierra Este is a 4 lane roadway, with 2 lanes traveling north
and 2 lanes traveling south. At the intersection of Edgemere and
Tierra Este, Edgemere is equipped.with a mandatory left turn
lane, and a lane where you have the option to turn right or
continue straight. At the intersection of Tierra Este and
Edgemere, Tierra Este is equipped.with a mandatory left turn
lane, and a lane where you have the option to turn right or
continue straight. Unit 1 was traveling eastbound on Edgemere
in the number 2 lane behind unit 2. Unit 2 was also traveling
eastbound on Edgemere in the number 2 lane, in front of unit 1.
nit 2 came to a stop, as the traffic signal light turned red.
nit 1 failed to control his speed and did not stop in time,
colliding with the rear of unit 2. No injuries were reported,
and no witnesses were located.",2,130,EB,LT,WB,TH,unit 1,left turn
21-267129,"The 12400 block of Edgemere Blvd near the 12700 block of Tierra
Este Road is a two way roadway. Unit 2 was the second vehicle

IEIEE3 CHM-‘G55

 

ea
3
o
‘G
E

CONDITIONS

 

in line at the stop light on Edgemere Blvd'when Unit 1 rear
ended Unit 2. No injuries were reported. No on scene
investigation was conducted. Diagram.is approximate.",2,131,WB,TH,WB,TH,unit 1,rear end
21-277195,"The 12600 block of Tierra Este intersects with Edgemere at the
12300 block. Unit 2 was eastbound on Edgemere and was stopped at
the light when Unit 1 oollided'with the rear bumper and trunk of
nit 2. No witnesses or injuries were reported. No on scene
investigation was conducted. Diagram.is approximate and.as per
nit 2. Unit 2 was given the case number.",2,132,EB,TH,EB,TH,unit 1,rear end
21-293204,"The 12300 block of Edgomere Blvd (eastbound), going fromiwest to East is
a three lane roadway that has one mandatory left turn lane and two

 

ea
3
o
‘G
E

CONDITIONS

 

eastbound lanes. The 12400 block of Edgemere Blvd (westbound), going
rdm East to West is a three lane roadway that has one mandatory left
turn lane and two westbound lanes. Edgemere intersects with the 12700
hlock of Tierra Este and is controlled by signal lights. Driver of Unit
#2 stated that she was traveling westbound at the 12300 block of
Idgemere Blvd on the number two lane on a solid green light. Driver of
nit #2 stated that she proceeded through the intersection on the solid
green light, however, collided into Unit #1, who she stated entered the
intersection from the 12400 block of Edgemere, traveling from the
:-ndatory left turn lane, causing Unit #2 to collide into Unit #1.
ﬂriver of Unit #1 stated that she was traveling eastbound at the 12400

Officer Marques made contact with an independent witness, Michael
Carrillo (915)240-1285, who stated that he was traveling westbound at
the 12400 block of Edgemere on the number one lane, directly behind Unit
#1. Michael stated that he observed Unit #1 proceed through the
intersection on a yellow solid light, in which he observed the
collision. Driver of Unit #1 was cited accordingly. Passenger #3 of Unit
#2 was transported to a nearby hospital and treated for minor injuries.

ﬂriver of Unit #2 complained of neck pain, however, was not transported
to the hospital.",2,133,WB,LT,EB,TH,unit 1,left turn
21-301162,"THE 12400 BLOCK OF EDGEMERE IS.A FOUR LANE ROADWAY THAT TRAVELS
EAST WEST BOUND WITH A.MANDATORY LEFT TURN LANE AND HAS.A RAISED
||DIAN. THE 12700 BLOCK OF TIERRA ESTE IS.A FOUR LANE ROADWAY
THAT TRAVELS NORTH SOUTH BOUND WITH A.MANDATORY LEFT TURN LANE
HIVIDED BY TWO SOLID YELLOW LINES. UNIT 2 WAS TRAVELING WEST ON
EDGEMERE IN THE RIGHT LANE. UNIT 2 DRIVER WHILE GOING THROUGH
THE INTERSECTION HAD TO BRAKE FOR HEAVY TRAFFIC. UNIT TWO WAS.AT
* STOP WHEN UNIT 1 CAM FROM BEHIND AND COLLIDED INTO UNIT TWO.
IT 1 WAS WEST ON EDGEMERE IN THE RIGHT LANE. UNIT 1 DRIVER
TATED THAT HE LOOKED TO THE LEFT AND WHEN HE TURNED TO LOOK
TRAIGHT AHEAD TRAFFIC HAD STOPED. UNIT 1 DRIVER TURNED HIS
IOTORCYCLE TO THE RIGHT FALLING TO THE GROUND. UNIT 1 COLLIDED
INTO UNIT 2. UNIT 1 DRIVER COMPLAINED OF PAIN TO THE LEFT SIDE
OF HIS BODY BUT REFUSED EMS TRANSPORT. NO WITNESSES.",2,134,WB,TH,WB,TH,unit 1,rear end
21-301215,"The 12700 block of Tierra Este is a 4 lane roadway for north and

IEIEE3 CHM-‘G55

 

ea
3
o
‘G
E

CONDITIONS

 

south traffic divided.by an unprotected.median and has marked
lanes. Unit 1 was travelling on the number 1 lane south bound on
Tierra Este. Unit 2 was stopped at a red light also on the
number 1 lane south bound on Tierra Este. Unit 1 failed to
control his speed and collided with the rear of unit 2..As a
result of unit 1 colliding with the rear of unit 2, it caused a
chain reaction impact, causing unit 2 to collide with the rear
of unit 3, and unit 3 to collide with the rear of unit 4. No
independent witnesses were reported on this accident.Driver of
nit 2 was transported to Sierra Providence East for possible
:'nor injuries. Driver of unit 1 complained of injury to his
left arnn but denied.medical attention.",2,135,SB,TH,SB,TH,unit 1,rear end
16-031155,3400 Yarbrough is a two way six lane roadway with two northbound lanes and one mandatory left turn lane; two southbound lanesith one mandatory left turn lane. 10600 Edgemere is a two waysix lane roadway with two westbound Lanes and one mandatory leftturn lane; two eastbound lanes and one mandatory left turn lane.nit #2 was traveling southbound on Yarbrough in the insidelane. Unit #1 was traveling northbound on Yarbrough andattempting to make a left turn onto Edgemere. Unit #1 failed toield the right of way subsequently causing the front left ofnit #1 to collide with the front of Unit #2. There were twoindependent witnesses (Brian Ganske 915-630-0702//BernadetteMendoza 915-219-3486). Driver and passenger of unit #2 were alltransported to the Hospitals of Providence East Campus foredical evaluation. Passenger of Unit #1 sustained a bump to herforehead.,3,136,NB,LT,SB,TH,unit 1,left turn
16-065109,"3300 N. Yarbrough is a marked, 2-way, 5 lane roadway running north/south bound with two lanes southbound and two lanesnorthbound with a mandatory left turn lane on each direction.10700 Edgemere is a marked, 2-way, 5 lane roadway runningeast/west bound with two lanes eastbound and two lanes westboundith a mandatory left turn lane on each direction. Unit 1 wastraveling eastbound on Edgemere. Unit 2 was northbound onarbrough. Officers were also north bound on Yarbrough and hadthe circular green light waiting on the mandatory left turnlane. Unit 2 was north on Yarbrough on far right lane next tothe Officers and had the circular green. Unit 1 was eastboundon Edgemere attempting to cross Yarbrough. Unit 1 failed toQ|istop on a red light and ran through the intersection. Officerslight. There were no injuries reported. Officer A.J. Perez wi",3,137,EB,TH,NB,TH,unit 1,right angle
16-088167,"THE 10700 BLOCK OF EDGEMERE IS A FOUR LANE ROADWAY THAT TRAVELS BAST AND WEST BOUND WITH A MANDTORY LEFT TURN LANE. THE 3300BLOCK OF YARBROUGH IS A FOUR LANE ROADWAY THAT TRAVELS NORTH ANDSOUTH BOUND WITH A MANDTORY LEFT TURN LANE AND HAS A RAISEDFDIAN. UNIT ONE DRIVER STATED THAT SHE WAS TRAVELING WEST ONEDGEMERE ON THE MANDATORY LEFT TURN LANE. UNIT ONE DRIVER STATEDTHAT SHE HAD THE GREEN ARROW TO MAKE A LEFT TURN AT WHICH TIMESHE COLLIDED INTO UNIT TWO WHEN MAKBING THE LEFT TURN. UNIT TWOAS TRAVELING EAST ON EDGEMERE. UNIT ONE DRIVER COMPLAINED OFPAIN TO HER ARMS DUE TO THE AIRBAGS DEPLOYING. UNIT ONE DRIVERREFUSED EMS TRANSPORT. UNIT TWO DRIVER STATED THAT SHE WASTRAVELING EAST ON EDGEMERE IN THE RIGHT LANE. UNIT TWO DRIVERSTATED THAT SHE HAD THE GREEN LIGHT TO ENTER THE INTERSECTION.IT TWO DRIVER STATED THAT WHEN SHE ENTERED THE INTERSECTIONIT ONE MADE A LEFT TURN IN FRONT OF UNIT TWO AT WHICH TIMEIT ONE COLLIDED INTO UNIT TWO. UNIT TWO DRIVER WAS TRANSPORTEDTO SIBRRA BAST HOSPITAL DUE TO PAIN TO HER ARMS. OFFICER MADECONTACT WITH WITH WI-O1 (SEVERIANO, SANTINI 915-629-6944) WHOSTATED THAT HE WAS STOPPED AT A RED LIGHT FACING NORTH ONARBOURGH TRYING TO MAKE A RIGHT TURN. WI-01 STATED THAT UNITTWO WHO WAS TRAVELING EAST ON EDGEMERE HAD THE GREEN LIGHT ToENTER THE INTERSECTION AND UNIT ONE HAD A SOLID GREEN LIGHT TOMAKE THE LEFT TURN FROM THE MANDATORY LEFT TURN LANE.",3,138,WB,LT,EB,TH,unit 1,left turn
16-094140,10600 Edgemere is a four lane two way roadway that travels East and West bound and intersects 3800 Yarbrough which travels Northand South bound.Unit-2 stated she was traveling West bound onFdgemere when she stopped in the intersection for a vehicleturning North bound onto Yarbrough at a red turn signal. Unit-2then stated thats when she was struck from behind. Unit-1 statedthat Unit-2 had stopped suddenly for the vehicles and he wasnable to avoid hitting Unit-2 and struck her from behind.Driverof Unit-1 was cited for No Drivers License.Driver of Unit-2complained of soreness to her jaw and throat. Passenger of Unit-2 complained of head pain.No other injuries or witnesses werereported at the scene.,3,139,WB,TH,WB,TH,unit 1,rear end
16-103067,10700 Edgemere runs east and west and is a two way four lane roadway divided by double yellow lines with a mandatory leftturn lane which intersects with 3400 Yarbrough. Unit #2 wastraveling west on Edgemere in the left lane and was at a stopdue to a red traffic control signal light at the intersection ofarbrough. Unit #1 was also traveling west on Edgemere in theleft lane and failed to control speed at which point it strucknit #2 from behind. No injuries or witnesses were reported atthe scene.,3,140,WB,TH,WB,TH,unit 1,rear end
16-132138,Driver of Unit 2 stated he was traveling WB on Edgemere Blvd in the right lane as Unit 1 was traveling SB on Yarbrough. Unit 2proceeded forward at a green light. Unit 1 ran a red light atthe listed intersection. Unit 2 crashed into Unit l.,3,141,SB,TH,WB,TH,unit 1,right angle
16-143124,10700 Edgemere is a 2 way 4 lane marked roadway with 2 lanes that run East with an additional mandatory left turn lane and 2lanes that run West with an additional mandatory left turn Lane.The East and West lanes are separated by a raised median. Unit1 was traveling West bound on Edgemere in the mandatory leftturning lane to turn onto Yarbrough. Unit 2 was traveling Easton Edgemere in the right lane traveling through the intersectionof Yarbrough. Unit 1 failed to yield the right of way whileturning left and collided into the front of Unit 2. The driverof Unit 1 complained of pain to her arms. The officer observedabrasions and redness to the arms of the driver of Unit 1. Thepassenger of Unit 1 complained of pain to her right ankle.There were no witnesses reported at the scene.,3,142,WB,LT,EB,TH,unit 1,left turn