case_id,description,Intersection_num,case_no.,unit_1_direction,unit_1_movement,unit_2_direction,unit_2_movement,unit_at_fault,crash_type
16-160238,"3400 Yarbrough is a six lane roadway with two lanes for northbound traffic, with a mandatory left turn lane, two lanesfor southbound traffic with a mandatory left turn lane. Unit #2as southbound on Yarbrough in the outside lane when it enteredthe intersection. Unit #1 was northbound on Yarbrough on theinside lane when it entered the mandatory left turn lane andproceeded into the intersection and continued westbound. Unit #1advised he was already exiting the intersection when he observednit #2 speed up and collide with him. Unit #1 added he spokeith the driver of Unit #2, and allegedly he stated he had speedp to beat the red light and by the time he saw unit #1, it wastoo late adding he could not stop in time. Unit #1 stated hadnit #2 was traveling the speed limit, he would of not hit him.nit #2 was southbound on the outside lane when he observed thegreen light turn yellow. Unit #2 stated he then accelerated intothe intersection with the steady yellow. Unit #2 stated he didnot realize he was about to crash until it was too late. Unit #2alleged that had Unit #1 yield the right of way prior to makingis turn; the crash would not have happened. Officer monitoredthe lights as they cycled and noted when the southbound lanesere on a steady yellow, the northbound lane (mandatory left)as also yellow. The officer, therefore, could not determine anat-fault driver as both had conflicting stories as to the reasonfor the crash. Officer did not have an independent witnesspresent to determine an at-fault driver.",3,143,NB,LT,SB,TH,unit 1,left turn
16-200234,"3400 block of Yarbrough Dr. is a five lane, two-way roadway divided by a raised concrete median. Two lanes travel northbound; Two lanes travel south bound; With one mandatory leftturn lane. Unit-2 was traveling south bound on Yarbrough in themandatory left turn lane and at a complete stop as the signallight was solid red. Unit-1 was traveling south bound onarbrough directly behind Unit-2 in the mandatory left turnlane. Unit-1 failed to control it's speed and rear-ended Unit-2causing the listed damage. There were no independent witnesses.The driver of Unit-2 complained of pain to her neck, head,shoulders and hip. The driver of Unit-2 mentioned that she hadapre-existing neck injury. The driver of Unit-1 stated that whilee was traveling directly behind Unit-2, some change had felldown at which time he reached to pick it up. As a result, thedriver of Unit-1 took his attention away from the traffic androadway in front of him.",3,144,SB,TH,SB,TH,unit 1,rear end
16-267192,"The 3400 block of Yarbrough at 10700 Edgemere is a 4 lane, marked (unprotected) roadway; two lanes traveling northbound andtwo lanes traveling southbound. The 3400 block of Yarbrough at10700 Edgemere also contains two mandatory left turn lanes; onelane in the northbound lanes and one lane in the southboundlanes. The driver of Unit 1 stated he was traveling southboundon the 3400 block of Yarbrough approaching Edgemere. The driverof Unit 1 stated he entered the mandatory left turn lane to turnleft and proceed eastbound on the 10700 block of Edgemere. Thedriver of Unit 1 stated he knows he had a green light to proceedowever is not sure if he had a green arrow, a green solid lightor both. The driver of Unit 1 stated he proceeded to turn andtated that is when he collided into Unit 2 who was travelingnorthbound in the left lane on the 3400 block of Yarbrough. Thedriver of Unit 2 stated he was traveling on the 3400 block ofarbrough northbound in the left Llane and observed a solid greenlight to proceed past the intersection of Edgemere. The driverof Unit 2 stated that as he was proceeding past the intersectione observed Unit 1 turning onto the 10700 block of Edgemereeastbound. The driver of Unit 2 stated that is when he collidedinto Unit 1 at the intersection of Yarbrough and Edgemere. Noindependent witnesses or injuries were reported on scene. Thedriver of Unit 1 received a citation for Failure To Yield RightOf Way- Left Turn (Citation #18-970887).",3,145,SB,LT,NB,TH,unit 1,left turn
16-268109,3400 Yarbrough is a six four lane roadway with two lanes traveling north and two lanes traveling south. 10700 Edgemere isa four Lane roadway with two lanes traveling east and two lanestraveling west. At the intersection of Yarbrough and Edgemerethere are mandatory left turn lanes in all directions. Unit #1as traveling south on Yarbrough and attempting to make a leftturn onto Edgemere. Unit #2 was traveling north on Yarbrough.nit #3 was at a red signal on Edgemere facing west and waitingto turn left onto Yarbrough. Unit #1 and Unit #2 had a greensignal however unit #1 did not have a protected green arrow.Driver of unit #1 failed to yield the right of way and crashedinto unit #2. The impact sent unit #2 in Unit #3 directioncausing them to crash. There were no reported injuries oritnesses at the scene.,3,146,SB,LT,NB,TH,unit 1,left turn
16-272097,"10700 Edgemere is a eastbound / westbound 5 lane roadway, 2 estbound lanes / 2 eastbound lanes, that is divided by a twoay left turn lane. The 3400 block of Yarbrough intersects withthe 10700 block of Edgemere and it is a controlled intersectionby traffic control signals. Driver of Unit 2 stated she wastraveling eastbound on Edgemere, crossing Yrabrough at a greensolid light, when Unit 1 struck Unit 2. Driver of Unit 1 statedshe was at a complete stop on the northbound lanes of Yarbrough,and as she proceeded forward, Unit 1 struck Unit 2. No injuriesor witness were reported.",3,147,EB,TH,NB,TH,unit 1,right angle
16-316179,"3100 N Yarbrough is a five lane roadway which runs North and south, divided by a raised center median and intersects with10700 Edgemere that is a five lane roadway that runs East andest. Unit 1 was traveling north on Yarbrough attempting toturn left on Edgemere. Unit 2 was traveling south on Yarbrough.nit 1 in the middle of intersecting roads Yarbrough andFdgemere, failed to yield to oncoming traffic, collided withnit 2. Driver of Unit 2 recived lacerations to her right hand.i1tness: Worsham, Albert 915.383.1131 Bellman, Justin915.525.8528",3,148,NB,LT,SB,TH,unit 1,left turn
16-334131,"10600 EDGEMERE IS A FOUR LANE TWO WAY ROADWAY FOR EAST AND WEST BOUND TRAFFIC DIVIDED BY A CENTER PAINTED MEDIAN. 3300ARBROUGH IS A FOUR LANE TWO WAY ROADWAY FOR NORTH AND SOUTHBOUND TRAFFIC DIVIDED BY A RAISED MEDIAN. UNIT #1 WAS WESTBOUND ON EDGEMERE, WHILE UNIT #2 WAS EAST BOUND ON EDGEMERE.BOTH UNITS HAD A STHADY GREEN LIGHT AT THE INTERSECTION. UNIT#1 ATTEMPTED TO MAKE A LEFT TURN FROM EDGEMERE TO YARBROUGHSOUTH BOUND AND TURNED ON AN UNPROTECTED GREEN ARROW. UNITSIMPACTED AS SHOWN. NO INJURIES WERE REPORTED ON THE SCENE ANDNO INDEPENDANT WITNESSES WERE LOCATED.",3,149,WB,LT,EB,TH,unit 1,left turn
16-335014,"10600 Edgemere is a 2-way, 4-lane divided by a raised median roadway which travels east to west with a left turn only lane.nit-02 was stationary on the far right East bound lanes of the10600 block of Edgemere on a red light. Unit-01 was travelingbehind unit-02 and failed to control the speed colliding intonit-02 back bumper. Unit-01 fled the scene without making anattempt to exchange information. No independent witnesses werelocated",3,150,EB,TH,EB,TH,unit 1,rear end
16-337214,"10600 BLOCK OF EDGEMERE IS A FOUR LANE ROADWAY TRAVELS EAST/WEST BOUND WITH A MANDATORY LEFT TURN LANE. 3300 BLOCK OF YARBROUGHIS A FOUR LANE ROADWAY TRAVELS NORTH/SOUTH BOUND WITH AANDATORY LEFT TURN LANE. UNIT 2 WAS TRAVELING EAST BOUND IN THEINSIDE LANE. UNIT 1 WAS TRAVELING WEST BOUND IN THE MANDATORYLEFT TURN LANE. UNIT 2 DRIVER ADVISED SHE HAD A GREEN LIGHT ANDENTERED THE INTERSECTION. UNIT 2 DRIVER ADVISED UNIT 1 ENTEREDHER LANE AND UNIT 1 STRUCK HER VEHICLE. OFFICER DID NOT SPEAK TOIT 1 DRIVER, AT THE SCENE, SINCE THEY HAD BEEN TRANSPORTED TODEL SOL HOSPITAL. OFFICER MET WITH UNIT 1 DRIVER, AT DEL SOLHOSPITAL, WHO ADVISED HE HAD A GREEN LIGHT, BUT IS NOT SURE IFHE HAD A GREEN ARROW TO TURN LEFT (SOUTH BOUND ON YARBROUGH).IT 1 DRIVER ADVISED HE TURN LEFT AND WAS STRUCK BY UNIT 2. NOTNESS, POSSIBLE INJURIES (LEFT HIP, LEFT ARM, RIGHT KNEE,HEADACHE) TO UNIT 2 DRIVER, UNIT 1 DRIVER INJURIES LEFT WRIST,NECK, JAW (BIT HIS TONGUE) AND UNIT 1 PASSENGER INJURIESABRASION TO FACE, RIGHT HAND, LEFT KNEE, RIGHT EYE, NECK.",3,151,WB,LT,EB,TH,unit 1,left turn
17-125229,"3300 block of Yarbrough is four Lane two way roadway that travels north and south with a mandatory left turn lane whichintersects with the 10600 block of Edgemere which is a four lanetwo way roadway that travels east and west with a mandatory leftturn lane. Unit 1 was traveling north in the mandatory leftturn lane waiting to turn west onto Edgemere. Unit 2 wastraveling south on Yarbrough in the center lane as it wasapproaching the intersection. Unit 3 was at a complete stopaiting at the lights of Edgemere and Yarbough in order tocontinue east on Edgemere. Driver of Unit 1 advised that heentered the intersection on a green arrow and started to make aleft turn onto Edgemere. Driver of unit 2 advised that as he wasapproaching and entering the intersection Unit 1, made a leftturn in front of him causing him not to be able to stop on timeand struck Unit 1 causing the listed damage. Driver of Unit 3advised that as she was waiting for the lights to change toAcontinued east, she observed Unit 1 entrer the intersection infront of unit 2 which collided with Unit 1 and Unit 1 traveledest on Edgemere and struck Unit 3. Passengers to Unit 1 wereNARRATIVEtransported to Del Sol hospital for medical attention by Rescue18 and the driver of Unit 2 was transported to del sol Hospitalfor medical attention.",3,152,NB,LT,SB,TH,unit 1,left turn
17-204098,10600 Edgemere is a 2 way 6 lane roadway with 3 lanes traveling estbound and 3 lanes traveling Hastbound divided by a highraised median. 3400 Yarbrough is a 2 way 6 lane roadway with 3lanes traveling Northbound and 3 lanes traveling Southbounddivided by a high raised median. Driver of Unit #2 was travelingEastbound on Edgemere on the left lane. Driver of Unit #1 wastraveling Westbound on Edgemere on the right lane. Driver ofnit #1 was going to turn a left and did not yield the rightaway to Unit #2 and collided with Unit #2. No injuries noitnesses reported.,3,153,WB,LT,EB,TH,unit 1,left turn
17-266165,"10600 Edgemere is a two-way 5 lane roadway for traffic traveling east and westbound with no means of separation. Unit 2 wastraveling in the middle lane going eastbound. Unit 1 wastraveling westbound on the far left mandatory turning lane. Asthe signal light rotated green for both east and westbound, unit2 proceeded forward through the intersection. Unit 1 alsoproceeded forward attempting to make left turn to go southboundon Yarbrough but failed to yield the right of way to unit 2subsequently colliding into unit 2 causing damages. Driver ofnit 2 was transported to Sierra Providence east medical centerdue to sustaining minor injuries and complaining of neck andback pain. No reported witnesses.",3,154,WB,LT,EB,TH,unit 1,left turn
17-277050,"The 10700 block of Edgemere is a two way roadway divided by painted marked lines . 10700 Edgemere east and westbound havetwo lanes divided by painted marked lines. 10/700 Edgemere at theintersection of 3400 Yarbrough has added mandatory left turnlanes. The 3400 block of Yarbrough is a two way roadway dividedby a protected median. 3400 Yarbrough north and southbound hastwo lanes divided by painted marked lines. 3400 Yarbrough hasadded mandatory left turn only lanes at the intersection of10700 Edgemere.Unit 2 was traveling northbound of 3300 Yarbroughon the number 1 lane. Unit 1 was traveling southbound of 3400arbrough onto the mandatory left turn lane, to make a left turnnto 10700 Edgemere. Unit 2 observed the signal lights to bentersection of 10700 Edgemere and 3400 Yarbrough, Unit 1 failedo yield the right of way to Unit 2 and collided into Unit 2 asnit 1 attempted to make his left turn. There were no reportedinjuries or witness at the scene.",3,155,SB,LT,NB,TH,unit 1,left turn
18-010036,"3400 Yarbrough is a northbound / southbound 6 lane roadway, 3 northbound lanes , 1 mandatory left turn lane / 1 mandatorystraight only lane / 1 optional right turn lane, 3 southboundlanes, 1 mandatory left turn lane (solid green and protectedarrow) / 1 mandatory straight only lane / 1 optional right turnlane, that are divided by a raised median. 3400 Yarbroughintersects with the 10700 block of Edgemere and it is controlledintersection by traffic control signals. Driver of Unit 2 statede was traveling northbound on the right lane crossing Edgemere(solid green) when Unit 1 struck Unit 2. Driver of Unit 1 statedshe was turning left from the southbound mandatory left turnlane, when Unit 1 struck Unit 2. Witness 1 (C. Felder (915) 590-5034). No other witnesses or injuries were reported.",3,156,SB,LT,NB,TH,unit 1,left turn
18-012149,3400 Yarbrough is a four lane roadway with two lanes traveling north and two lanes traveling south separated by a centeredian. At the intersection with Edgemere there is a left turnlane in both directions. Unit #1 was traveling south onarbrough and was in the left turn lane to turn on Edgemere.nit #1 had a green light but no protected arrow. Unit #2 wastraveling north in the left lane on Yarbrough and was goingthrough the intersection of Edgemere. Unit #1 failed to yieldthe right of way and entered the intersection in front of unit#2. There were no reported injuries or witnesses at the scene.,3,157,SB,LT,NB,TH,unit 1,left turn
18-124174,"3300 Yarbrough is a four lane north and south bound roadway, ith left turn lanes. 3300 Yarbrough is divided by a raisedconcrete median. 10600 Edgemere is a four lane east and westbound roadway, with left turn lanes. Edgemere is divided bydouble yellow lines. Unit # 2 is traveling north bound in theleft hand lane on the 3300 Block of Yarbrough. Unit # 1 istraveling south bound in the left hand turn lane on the 3400block of Yarbrough. Unit # 1 failed to yield the right of wayand turned left into the path of unit # 2.",3,158,SB,LT,NB,TH,unit 1,left turn
18-220209,"3300 YARBROUGH IS A NORTH/SOUTHBOUND, TWO WAY, FOUR LANE DIVIDED ROAD. 10600 EDGEMERE IS A WEST/EASTBOUND, TWO WAY, FOUR LANEDIVIDED ROAD. UNIT 2 DRIVER STATED SHE WAS TRAVELING ON THE 3300BLOCK OF YARBROUGH, SOUTHBOUND ON THE FAR RIGHT LANE WITH THERIGHT OF WAY/GREEN LIGHT, WHEN SHE OBSERVED UNIT 1 TURNING LEFTON FRONT OF HER. UNIT 2 DRIVER STATED , SHE WAS UNABLE TO STOPFOR UNIT 1 AND BOTH UNIT SUBSEQUENTLY COLLIDED. UNIT 1 DRIVERSTATED SHE WAS TRAVELING ON THE 3300 BLOCK OF YARBROUGH,NORTHBOUND, MANDATORY LEFT LANE/PROTECTED GREEN ARROW). UNIT 1DRIVER STATED SHE COULD NOT REMEMBER IF SHE HAD THE PROTECTEDGREEN ARROW OR NOT, BUT SHE ENTERED THE INTERSECTION COLLIDINGTH UNIT 2. THERE WERE NO INJURIES TO THIS COLLISION. THERERE THREE INDEPENDENT WITNESSES TO THIS COLLISION. DEL VILLARSAUL, 915-234-5791MORENO, JAVIER, 630-7493MONTES, ARIANA, 539-5192",3,159,NB,LT,SB,TH,unit 1,left turn
18-237135,"3500 Yarbrough is a 4 lane two way roadway for traffic traveling north and southbound divided by a raised center median. Unit 3as stopped in the left lane facing southbound on 3500 Yarbroughat the intersection at 10600 Edgemere awaiting for signalrotation. Unit 2 was also stopped in the left lane facingsouthbound 3500 Yarbrough behind unit 3. Unit 1 was behind unit3 in the left lane traveling southbound on 3500 Yarbrough. Asnit 1 proceeded southbound approaching units 2 and 3, unit 1failed to control speed causing unit 1 to collide into thebackend of unit 2 causing damages. Unit 2 due to the force ofthe impact from unit 1 moved forward and collided into theAM&0DIAbackend of unit 3 causing damages. All occupants of unit 3 wereQQ |transported to Del Sol Hospital for minor injuries. Nor reporteditnesses.",3,160,SB,TH,SB,TH,unit 1,rear end
18-242028,"3300 Yarbrough has four lanes (also Left turn lanes) that run North and South that intersect with 10700 Edgemere. 10700Edgemere has four lanes that run East and West. U#2 stated thatshe was in the right lane heading North on Yarbrough and had agreen light and as she entered the intersection u#1 suddenlyappeared in front of her and thus both vehicles collided. U#2stated that she had no idea as to where u#1 came from and wasnot able to avoid the collision with u#1. U#1 stated that heas South on Yarbrough and was in the left turn lane to headFast on Edgemere and stated that he believed that he had a greenarrow and as he was making his left turn, he and u#2 collided.There were no reported witnesses regarding this accident.",3,161,SB,LT,NB,TH,unit 1,left turn
18-255138,"The 3300 block of N. Yarbrough is a 4 lane roadway for North / Southbound travel. Two lanes for northbound and two lanes forsouthbound with mandatory left turn lanes each, divided by araised median. Unit 1 was traveling northbound on the 3300 blockof N. Yarbrough on the mandatory left turn lane to EdgemereBlvd. Unit 2 was traveling Southbound on the far left of travelapproaching the intersection of Edgemere. The driver of Unit 1failed to Yield the right of way to Unit 2 when making the leftturn to Edgemere, causing the listed damages. The driver of Unit1 advised she believed the driver of Unit 2 was speeding and didnot see Unit 2. The driver of Unit 2 advised the officers thatshe had a solid green light to proceed pass the intersectionhen Unit 1 hit her vehicle on the side.The driver of Unit 2complained of pain to her left side of her body. She refusedtransportation by Fire and Medical Personnel. (P20) The driverof Unit 1 complained of neck pain but refused medical attention.No other injuries were reported. The driver of Unit 1 was cited",3,162,NB,LT,SB,TH,unit 1,left turn
18-259090,"3300 Yarbrough is a 5-lane roadway that travels north and southbound with a middle turning lane, that intersects with the10600 block of Edgemere.10600 Edgemere is 5-lane roadway thattravels east and westbound with a middle turning lane, thatintersects with the 3300 Yarbrough.Unit 1 was travelingnorthbound on 3300 Yarbrough on the left lane. Unit 2 wastraveling eastbound on 10600 Edgemere. Unit 1 ran the red lightat the intersection of Edgemere and Yarbrough. Unit2 collidedinto the side of unit 1. Witness 1 advised that he observed unit1 ran the red light at the intersection of Edgemere andarbrough. Witness advised that he observed unit 2 collide intothe side of unit 1. Driver of unit 2 advised of neck pain andpassenger of unit 2 advised of pain to the right arm.",3,163,NB,TH,EB,TH,unit 1,right angle
18-265088,"3400 block of N. Yarbrough is a five lane, two way roadway for north bound and south bound traffic, divided by a raised median.The driver of Unit #2 was traveling northbound on N. Yarbrough,on the far right lane of travel. The driver of Unit #1 was alsotraveling north bound on N. Yarbrough, directly behind thedriver of Unit #2. The driver of Unit #2 slowed down for FireDepartment/ EMS vehicles responding to a call with their lightsand sirens, at which time the driver of Unit #1 failed tocontrol his speed, subsequently striking Unit #2 from behind.No witnesses or injuries were reported.",3,164,NB,TH,NB,TH,unit 1,rear end
18-275142,"3300 N. YARBROUGH IS A FOUR LANE TWO WAY ROADWAY (NORTH AND SOUTH) WITH ADDITIONAL TURNING LANES, DIVIDED BY A RAISEDMEDIAN. 10600 EDGEMERE IS A FOUR LANE TWO WAY ROADWAY (EAST ANDST) WITH ADDITONAL TURNING LANES, DIVIDED BY DOUBLE YELLOWLINES. UNIT 2 WAS EASTBOUND ON EDGEMERE. UNIT 1 WAS SOUTHBOUNDON YARBROUGH. UNIT 2 WAS PROCEDING THROUGH THE INTERSECTION.IT 1 FAILED TO STOP AT THE INTERSECTION AND COLLIDED INTO UNIT2. WITNESS ADVISED UNIT 1 NEVER SLOWED DOWN PRIOR TO THECOLLISION. DRIVER OF UNIT 1 TOLD THE OFFICER THAT HE HAD THEGREEN LIGHT. THE SIGNAL LIGHTS HAD A MALFUNCTION AND WERE NOTON IN ANY DIRECTIONS. WITNESS: FREEMAN CONES 915-282-3923",3,165,SB,TH,EB,TH,unit 1,right angle
18-311069,"3400 Yarbrough is a five lane two way roadway traveling North to South separated by a concrete median. 10600 Edgemere is a fivelane two way roadway traveling East to West separated by adouble yellow line. Unit 1 was traveling Southbound on Narbrough Dr when he drove through the intersection on a greenlight. As unit 1 was driving through intersecting Edgemere Blvd,nit 2 who was driving Westbound on Edgemere Blvd drove in frontof unit 1 causing unit 1 to crash into unit 2. Information wasexchanged by both drivers at the scene.",3,166,SB,TH,WB,TH,unit 1,right angle
19-047102,The 10700 block of Edgemere is a four lane two-way roadway that as two lanes that travel east and two lanes that travel westand contains a center left turn lane at the intersection of 3400arbrough. The 3400 block of Yarbrough is a four lane two-wayroadway that that has two lanes that travel north and two lanesChat travel south with a raised median separating the twodirections of travel. Unit 2 was traveling west on the 10700block of Edgemere in the right lane when she proceeded throughthe intersection of Yarbrough with a solid green light. At thesame Time Unit 1 was traveling east bound on the 10700 block ofFdgemere when she turned left at the intersection of Yarbroughith a solid green light. Unit 1 failed to yield right of wayturning left subsequently colliding into Unit 2 causing thelisted damage. There were no injuries or independent witnessesreported at the scene.,3,167,EB,LT,WB,TH,unit 1,left turn
19-134257,"10600 Edgemere is a 2-way, 4-lane roadway with a center left turn only lane which travels east to west. 3300 N. Yarbrough isa 2-way, 4-lane roadway with a center left turn only lane whichtravels north to south. Unit-02 was traveling east bound on thefar right lane at the 10600 block of Edgemere/ N. Yarbrough on agreen light. Unit-01 was traveling west bound on the far leftturn only lane 10700 block of Edgemere/ N. Yarbrough on annprotected green light. Unit-01 failed to yield the right ofay to unit-02 while making a left turn. Unit-01 was unable totake evasive action and collided into unt-01. Unit-0O2 driver wastransported with non-life threatening injuries to Del Sol. Wi-O1Ortiz, Alyssa 915-888-6670.",3,168,WB,LT,EB,TH,unit 1,left turn
19-159097,"3300 block of Yarbrough is a five Lane, two way divided roadway that travels in the North and South bound direction. Three Lanestravel northbound with a mandatory left lane, and two lanes thattravel southbound. 10600 block of Edgemere is five lane, two wayndivided roadway that travel in the East and West bounddirection. Three lanes travel eastbound with a mandatory leftturn lane, and two lane travel west bound. Unit 1 was travelingnorthbound on Yarbrough northbound in the mandatory left turnlane. Unit 2 was traveling southbound on Yarbrough southbound inlane #3. Unit 3 was traveling eastbound on Edgemere eastbound inthe mandatory left turn lane and came to a stop. Unit 1proceeded to turn left onto Edgemere westbound and failed toield the right of way to oncoming traffic. Unit 2 struck Unit 1ead on. Unit 2 was then pushed away by the force of the impactall the way towards Unit 3 where Unit 2 came to a stop strikingnit 3 on the left corner of the vehicle. No injuries werereported at the scene. There was one witness who stayed for",3,169,NB,LT,SB,TH,unit 1,left turn
19-214144,"3400 N Yarbrough is a two way (N-S) roadway, divided by a raised median. There are two southbound lanes with mandatory left turnlane. There are also, two northbound lanes with a mandatory leftturn Lane onto 10600 Edgemere. 10600 Edgemere is a two way (E-W)roadway, divided by broken white lines. Unit #2 was travelingsouth on the left Llane of traffic, on a green Light and theright of way. Unit #1 was traveling north and attempting a leftturn from 3400 N Yarbrough onto 10600 Edgemere. Unit #1's driverstated That he was not sure if he had a green arrow or a solidgreen light. Unit #1 crossed into the path of unit #2 causing acrash. Unit #2's driver stated that she was able to see unit #1and attempted to swerve to her left but did not fully avoid thestrike. There were no injuries reported at the scene noritnesses located.",3,170,NB,LT,SB,TH,unit 1,left turn
19-231220,"The 3400 block of N. Yarbrough is a six lane, two way roadway ith two lanes that travel north, two lanes that travel south, aandatory left hand turn lane in each direction divided by araised concrete median. The 3400 block of Yarbrough intersectsith the 10600 block of Edgemere at an intersection controlledby a traffic signal. The driver of Unit 2 advised that he wastraveling south on Yarbrough in the inside lane and as heapproached the intersection with a green light he observed Unit1 fail to yield the right of way and enter the intersectionattempting to turn west on to Edgemere. The driver of Unit 2advised that he swerved to the right in an attempt to avoid thecollision but was unsuccessful. The driver of Unit 1 advisedthat he was attempting to turn west on to Edgemere and did notsee Unit 2 traveling south. The driver of Unit 1 advised that hethen saw Unit 1 but the collision was unavoidable at that point.The driver of Unit 1 advised of pain from his right middlefinger. The driver of Unit 2 advised of pain from his left armand right side of his face. No other injuries were reported onscene. No witnesses were reported on scene.",3,171,NB,LT,SB,TH,unit 1,left turn
19-289282,"The 3400 block of Yarbrough is a 4 lane roadway traveling north and south separated by a raised median. Both Northbound andsouthbound Edgemere have a left turn lane at the intersection of10600 Edgemere which is a 4 lane roadway traveling east and westith left turn lanes. Unit #1 was at a solid green light facingnorthbound attempting to turn left onto West bound Edgemere.nit #2 was traveling in the #2 lane southbound when sheapproached a solid green light. Unit #2 proceed through athich point Unit #1 failed to yield the right of way turningleft. Unit #1 front right quarter panel then collided with thefront left quarter panel of Unit #2. The driver of Unit #2suffered an injury and was transported by Fire Medical Servicesto Sierra Medical Center East. There were two witnesses onscene. Wi-01: Rincon, Daniel Anthony 3/29/66 (915)204-6825Wi-02:Rios, Patricia 2/21/85 (915) 820-0314",3,172,NB,LT,SB,TH,unit 1,left turn
20-050197,"10600 EDGEMERE is a 2 way east/west roadway with 2 lanes east and 2 lanes west divided by a double yellow line and controlledby a traffic light at Yarbrough. 3300 N YARBROUGH is a 2 waynorth/south roadway with 2 lanes north and 2 lanes south dividedby a raised median and controlled by a traffic light. Unit 1as behind Unit 2 at the red traffic light east bound onFdgemere and when the light turned green, Unit 1 driver let goof her brake and tapped the rear of Unit 2. No injuries oritnesses reported. Driver of Unit 2 was contacted by telephoneto get some information that Unit 1 had failed to obtain.Report taken at the PHRC COLLISION REPORTING CENTER.",3,173,EB,TH,EB,TH,unit 1,rear end
20-354050,"3400 N Yarbrough is a 2-way, 5-lane divided by a raised median roadway which travels north and south. 10600 Edgemere is a 2-way, 2-Llane roadway divided by a double yellow line whichtravels east and west. Unit-02 was stationary on a red light inthe center lane of the 3400 block of N. Yarbrough. Unit-01 wastraveling south bound on the center lane of the 3400 block of N.arbrough behind unit-02. Unit-01 failed to control her speedand rear ended unit-02 rear bumper. No Independent witness waslocated and driver of unit-02 will seek medical attention atalater time.",3,174,SB,TH,SB,TH,unit 1,rear end
2020-000168,"Fdgemere Boulevard is a two way, four lane highway with an nprotected turning lane that runs east and west. Edgemereintersects with Yarbrough Drive at the 10600 block of KEdgemere., traffic control signal regulates traffic at this intersection.nit #3 was stopped facing eastbound on Edgemere as itintersects with Yarbrough Drive. The traffic control signal wasred. Unit #2 was stopped directly behind Unit #1. Unit #1,approached Unit #2 from the rear while failing to control it'sspeed. Unit #1 crashed into the rear of Unit #2 causing Unit #2to crash into the rear of Unit #3. Units #1, 2, and 3 all cameto rest facing eastbound at the intersection.",3,175,EB,TH,EB,TH,unit 1,rear end
21-035744,"south bound traffic, a mandatory left turn lane for north and south bound traffic, and a bike lane for north and south bound traffic. 10600Edgemere is an undivided marked roadway with two lanes for east and westbound traffic, and a mandatory left turn lane for east and west boundtraffic. Driver of Unit 1 stated that he was traveling north bound onarbrough in the mandatory left turn lane when he had a solid greenlight. Driver of Unit 1 advised that the light then proceeded to turn toa solid green arrow at which time he proceeded into the intersection.Driver of Unit 1 stated when he proceeded into the intersection theront right side of his vehicle was collided into by the front of Unit2. Driver of Unit 2 stated that he was traveling south bound onarbrough in the right lane. Driver of Unit 2 advised he had a solidgreen light at which time he observed Unit 1 proceed into theintersection and came to a stop in the middle of the intersection.Driver of Unit 2 stated that he though Unit 1 was going to wait untilnit 2 drove through the intersection allowing Unit 2 to make it thoughthe intersection. Driver of Unit 2 advised that as he proceeded throughthe intersection the front of his vehicle then collided into the right=oc==a=uw=<:zSide of Unit 1. Unit 1 sustained the listed damages to the front rightof the vehicle. Unit 2 sustained the listed damages to the front of theehicle. Driver of Unit 1 was cited for Restriction Code B violation(19332486). Driver of Unit 2 was cited for No Operators License(19381645) and complained of pain to the left forearm but refused FMSaid. Front passenger of Unit 2 complained of chest pain but refused FMSaid. Due to conflicting statements officers were unable to determine whoas as fault for the mentioned collision.",3,176,NB,LT,SB,TH,unit 1,left turn