case_id,description,Intersection_num,case_no.,unit_1_direction,unit_1_movement,unit_2_direction,unit_2_movement,unit_at_fault,crash_type
21-089061,"The 10700 block of Edgemere is a 4 lane roadway for east and est travel divided by an unprotected median and has markedlanes with mandatory turning lanes to head north or south ontoarbrough. The 3400 block of Yarbrough is a 4 lane roadway fornorth and south travel divided by a protected median and hasarked lanes with mandatory turning lanes to head east or westonto Edgemere. Unit 2 was travelling north on Yarbrough on thenumber 1 and was intending to continue north past theintersection of Edgemere. Unit 1 was stopped at a red light onFdgemere facing west on the number 1 lane. Unit 1 , for unknownreasons, failed to remain stopped at a red light, and proceededest on Edgemere at the same time that unit 2 was entering theintersection. As a result, Unit 1 collided with unit 2. Noinjuries were reported on this accident. Witness: Garcia,anessa / 915-345-4041. Witness advised unit 2 was going northon Yarbrough and had a green light. Witness advised that Unit 1as stopped at a red light and then proceeded west bound at the",3,177,WB,TH,NB,TH,unit 1,right angle
21-106244,"The 10700 block of Edgemere is a 4 lane roadway for east and est travel divided by an unprotected median and has markedlanes with mandatory turning lanes to head north or south ontoarbrough. The 3400 block of Yarbrough is a 4 lane roadway fornorth and south travel divided by a protected median and hasarked lanes with mandatory turning lanes to head east or westonto Edgemere. Unit 2 was travelling north on Yarbrough on thenumber 1 and was intending to continue north past theintersection of Edgemere. Unit 1 was stopped at a red light onFdgemere facing west on the number 1 lane. Unit 1 , for unknownreasons, failed to remain stopped at a red light, and proceededest on Edgemere at the same time that unit 2 was entering theintersection. As a result, Unit 1 collided with unit 2. Noinjuries were reported on this accident. Witness: Garcia,anessa / 915-345-4041. Witness advised unit 2 was going northon Yarbrough and had a green light. Witness advised that Unit 1as stopped at a red light and then proceeded west bound at the",3,178,NB,TH,NB,TH,unit 1,rear end
21-165212,"The 3400 block of Yarbrough is a 4 lane roadway with 2 lanes traveling north and 2 lanes traveling south. At the interactionof Yarbrough and Edgemere, Yarbrough is equipped with aandatory turning left lane, as well as a Lane where you canproceed straight or turn right. The 10600 block of Edgemere is a4 lane roadway with 2 lanes traveling east and 2 lanes travelingest. At the interaction of Edgemere and Yarbrough, Edgemere isequipped with a mandatory turning left lane, as well as a lanehere you can proceed straight or turn right. Unit 1 was drivingsouthbound on Yarbrough in the number 1 lane, intending to turnleft at the intersection to head eastbound on Edgemere. Unit 2as driving northbound on Yarbrough in the number 2 lane. Unit 1stated that he could not see if he was clear to turn at theintersection, so he moved up forward a little two much, andcollided with unit 2. No injuries were reported and no witnessesere located.",3,179,SB,LT,NB,TH,unit 1,left turn
21-196179,The  south bound and 2 lanes of travel north bound. The roadway is separatedby a raised median on Yarbrough. The 10600 block of Edgemere is alsoa4 lane roadway with 2 lanes of travel west bound and 2 lanes of traveleast bound. The driver of unit 1 advised that she was traveling northbound and was at the intersection of Edgemere attempting to make a lefthand turn to travel west on Edgemere. The driver advised that she had ayielded green ( solid green light ) and was trying to clear the southbound traffic on Yarbrough to make her turn. The driver advised thatthere was a bus in the opposite turn lane and she was having troubleclearing traffic. She advised that she though she had cleared it buthen she decided to make her turn she saw unit 2 to late and tried toaccelerate but was unable to avoid the accident. The driver advised thatShe did not have any injuries nor did her front passenger. Driver ofunit 2 advised that he was traveling south bound in the 1 lane and thatND DIAGRAMlias he was coming up to the intersection on Edgemere that unit 1 cameinto his lane of traffic. He stated that he tried to avoid the collisionbut was unable to and collided with unit 1. The driver advise that henever saw un til and that the unit just came up to fast to avoid theNARRATIVEaccident. The driver of unit 2 did not advise of any injuries. Thedriver of unit 1 was cited for failure to yield right of way. Bothparties were advised accordingly and given incident cards. Officersgathered all necessary information for the report and documented theaccident as it was advised by parties involved.,3,180,NB,LT,SB,TH,unit 1,left turn
21-263149,3400 Yarbrough runs north and south and is a two way four lane roadway divided by a raised median with mandatory left turnlanes that intersects with 10700 Edgemere. Unit #2 wastraveling north on Yarbrough in the right lane and wasproceeding straight through the intersection of Edgemere on agreen traffic control signal light. Unit #1 was traveling southon Yarbrough in the mandatory left turn lane and was making leftturn east bound onto Edgemere. Unit #1 then failed to yield theright of way before making the left turn at which point it wasstruck by Unit #2 broadside and with the force of the impactnit #2 then struck a bike lane sign and pole and trash bin.nit #2 passenger advised of injuries and was transported by FMSto the hospital. Unit #1 and Unit #2 drivers advised ofinjuries but refused transported by FMS and further advised theyould seek a private doctor.,3,181,SB,LT,NB,TH,unit 1,left turn
21-363138,The 3400 block of Yarbrough at Edgemere is a six lane roadway ith two lanes of traffic traveling north bound with a separateandatory left turn lane and two lanes traveling south boundith a separate mandatory left turn lane. The 10700 block ofFdgemere is six lane roadway with two lanes of traffic travelingest bound with a separate mandatory left turn lane and twolanes traveling east bound with a separate mandatory left turnlane. Unit 1 was traveling south bound on Yarbrough approachingthe left turn lane facing a solid green light. Unit 2 wastraveling north bound on Yarbrough in the number two lane facinga green light. Unit 1 failed to yield at the green light andcontinued to make the turn colliding into Unit 2. The Officersere traveling behind Unit 2 and witnesses the collision. Thereere no injuries reported at the scene.,3,182,SB,LT,NB,TH,unit 1,left turn
21275116,"The 10600 block of Edgemere is a5 lane east and west roadway ith a mandatory left turn lane. The 3400 block of Yarbrough isalso a 5 lane north and south roadway with a mandatory left turnlane. Driver of Unit 2 stated that he was traveling west onFdgemere and passing the intersection which had a green lighthen he was struck by Unit 1 in the middle of the intersection.Driver of Unit 1 stated that he was traveling east on Edgemereon the mandatory left turn lane, had a green light (notprotected) and felt it was safe to make the turn onto Yarbrough.Driver of Unit 1 struck Unit 2 in the middle of theyj jintersection. No injuries or witnesses were reported at the",3,183,EB,LT,WB,TH,unit 1,left turn
16-095251,"3000 Trawood is a Westbound / Eastbound 5 lane roadway, 2
estbound lanes / 2 Eastbound lanes that is divided.by a two way
left turn lane. The 3000 block of Trawood intersects with the
1800 block of George Dieter, and is a controlled intersection by
traffic control signals. Driver of Unit 2 stated she was
traveling eastbound on Trawood entering the intersection on a
solid yellow light as Unit 2 struck Unit 1. Unit 1 stated he was
traveling westbound on Trawood (mandatory left turn lane)
attempting to enter the southbound lanes of George Dieter as

nit 2 struck Unit 1, who failed to yield the right of way
I- ing a left turn. Officer Torres observed several light cycles
and determined the only time Westbound traffic (mandatory left
turn lane) has the right of way is at a solid green arrow. No
injuries or witnesses were reported. Driver of Unit 1 stated
Campos, Mbnica (17YOA / back seat) was also a passenger /
occupant of Unit 1 but left the scene prior to police arrival",4,184,WB,LT,EB,TH,unit 1,left turn
16-099285,"2900 Trawood is a four—lane non—divided roadway running
East/West. Unit—2 was in the far right lane, facing Eastbound
stopped at the light. Unit—1 attempted to pass Unit—2 on the
right and sideswiped Unit—2, made a right turn and did not stop.
The driver of Unit—2 was able to take a picture of the license
plate of Unit—1. No injuries were reported. The driver of Unit—2
as issued an incident card and advised accordingly. No
itnesses were present",4,185,EB,TH,EB,TH,unit 1,side swipe
16-105016,"The 1700 block of George Dieter is a two—way four lane roadway
ith two lanes running North and two lanes running south, both
north and south lanes have a mandatory left and right turn lane
and are divided.by a center raised.median. The intersecting 2900

hlock of Trawood is a two—way four lane roadway with two lanes
running East and two lanes running West divided.by two solid
ellow lines. Both streets are controlled.by traffic control
devices—traffic lights. Unit 1 was traveling westbound on the
number two lane of the 2900 block of Trawood.while Unit 2 was
traveling southbound on the number one lane of the 1700 block of
George Dieter. Driver of Unit 2 advised that he approached the

DM GRAM

intersection of the 1700 block of George Dieter while traveling

D
I-'01
.22
I3'r|'
we
910
as
“j 9
H
03:!
OH
{DP
3%
3|""!

0
r|'|'h
I3‘
H G
0:3
.2:
I3‘

|\J
H‘
as

G
|-'|-'
I301
H
H
Li1I'|'
(‘BIT
OW
t'|'t'|'
|-'
Oh‘
HID

D‘
as
I-'
r|'ﬁJ'
I-‘U1

O
|'h|-'
es
I-'
as

(‘D
r|'('D
0:3

stop at the solid red light on the 2900 block of Trawood while
traveling westbound causing the front end of Unit 2 to collide
into the right quarter panel of Unit 1. The driver of unit 1

2
E.
E
E
E
2

as later charged with DWI. The driver of Unit 1 was transported
to Del Sol Medical Center by EMS.The driver of Unit 2 advised he
as going to seek medical assistance on his own",4,186,WB,TH,SB,TH,unit 1,right angle
16-214277,"3000 Trawood is a 2 way 5 lane roadway that has 2 lanes
traveling East and 2 lanes traveling West and is separated.by a
center turning lane. Unit 2 was East bound on Trawood and'was
in the left lane. Unit 1 was West bound on Trawood and'was in
the mandatory left turning lane preparing to turn left onto 1800
George Dieter. Both witnesses and.both the driver of Unit 1 and
nit 2 advised that both Units had solid green lights. The
officers determined that Unit 1 Failed to Yield the Right of Way
ile Turning Left. Unit 1 collided into Unit 2. The front
ﬁtpassenger of Unit 2 complained of leg pain. The rear passenger

RM

.5 of Unit 2 corrplained of back pain",4,187,WB,LT,EB,TH,unit 1,left turn
16-295038,"1700 George Dieter is a five lane road'way with a raised.median
that intersects 2900 Trawood.Driver of Unit—1 stated she had a
green light when she turned.from.Trawood to travel South bound
onto George Dieter.Driver of Unit—2 also stated she had a green
light when she turned.from.East Bound Trawood to travel South on
George Dieter.Driver of Unit—2 then stated'when she was
traveling in the number one lane, driver of Unit—1 collided'with
er on the rear right side of her vehicle.Witness: Burnma,
Joseph (915)-261-7809, 203—0763No other witnesses or injuries
ere reported at the scene",4,188,EB,RT,WB,LT,unit 1,side swipe
16-301040,"1800 George Dieter is a northbound / southbound 6 lane roadway,
2 northbound lanes / 4 southbound lanes , 1 mandatory left turn
lane, 2 mandatory straight only lanes and 1 right turn lane,
that are divided.by a raised.median. Driver of Unit 2 stated she
as at a complete stop on the southbound lane when Unit 1 struck
nit 2 fronibehind. Driver of Unit 1 stated he'was at a complete
stop behind Unit 2, as the light turned green, he proceeded
forward when Unit 1 struck Unit 2 from behind_ No injuries or
itnesses were reported",4,189,SB,TH,SB,TH,unit 1,rear end
17-009144,"river of U—2 called the Telephone Reporting Unit to report a
crash on the listed date and time. Driver of U—2 stated he was
on George Dieter Dr, on the right lane, headed North; Driver of

-1 was on George Dieter Dr., in the middle lane headed North.
wriver of U—2 stated he was turning right onto Trawood Dr.;
wriver of U—1 turned right frontmddele lane but ended up on his
right lane causing her to crash into U—2. Driver of U—2 stated
that there were no injuries to report. Driver of U—2 was given a
report number. Diagram.is approximate",4,190,NB,TH,NB,TH,unit 1,side swipe
17-086119,"2900 Trawood (e/w) is a 4ln/2way roadway with mandatory left
turn lanes and its divided.by double yellow lines. 1701 George
wieter (n/s) is a 4ln/2wy roadway with mandatory left and right
turn lanes and divided.by an elevated.median. Unit 1 was
traveling westbound on Trawood on the left turn lane. Unit 2 was
traveling eastbound on Trawood on the right lane. Unit 1 driver
stated she was traveling in the left lane attempting to turn
southbound onto George Dieter when unit 2 driver struck her
ehicle on the right side. Unit 1 driver also stated she had
the green arrow and saw unit 2 traveling at a high rate speed
towards her. The witnesses located stated.while they were
stopped at a red light northbound on George Dieter they observed
that unit 1 did not have a green arrow only a solid green light.
itnesses stated that unit 2 driver dropped the motorcycle and
nit 2 driver slid into unit 1. Unit 1 sustained right side
damage. Unit 2 sustained front and right side damage. Unit 2

driver sustained critical injuries",4,191,WB,LT,EB,TH,unit 1,left turn
17-104228,"1700 George Dieter is a four lane roadway with a mandatory right
and left turn lane that travels Northbound and Southbound,
divided.by a raised.median. Unit 2 said he was stopped
Iorthbound on George Dieter in the left lane at a red signal
light. Driver of Unit 2 stated Unit 1 was traveling Northbound
on George Dieter in the left lane, failed to control speed,
subsequently colliding with Unit 2. For unknown reasons, Unit 1
fled the scene. There were no reported witnesses or injuries",4,192,NB,TH,NB,TH,unit 1,rear end
17-151202,"river of U—2 called the Telephone Reporting Unit to report a
crash on the listed date and time. Driver of U—2 stated that she
as on George Dieter Dr. headed south and on the center lane and
""river of U—1 was directly behind U—2. Driver of U—2 stated that
they had just crossed the intersection of George Dieter Dr. and
Trawood Dr. when traffic in front of U—2 stopped and she stopped
hut Driver of U—1 rear ended U—2. Driver of U—2 stated that
wriver of U—1 stated that because he had a large truck he was
not able to brake and stop. Driver of U—2 stated that there were
no injuries to report. Driver of U—2 was given a report number.
uiagram.is approximate",4,193,SB,TH,SB,TH,unit 1,rear end
17-249079,"The 1800 block of George Dieter is a two way roadway that
travels north and southbound. 1800 George Dieter southbound has
two lanes that continue south, passing the 3000 block of
Trawood. 1800 George Dieter also has an added.mandatory left and
right turn lane. The Driver of Unit 2 advised she was stopped
hefore the intersection behind Unit 3 on 1800 George Dieter.
nit 2 stated she was then struck from behind by Unit 1, and
struck Unit 3. The Driver of Unit 2 continued to state, both
nit 1 and Unit 3 fled the scene before the Police arrived.
There were no reported.witnesses or injuries as a result of the
collision.",4,194,SB,TH,SB,TH,unit 1,rear end
17-258261,"1700 Trawood is a 5 lane two—way roadway for traffic traveling
east and'westbound on Trawood'with no means of separation. Unit
2 was stopped facing west bound on the far left mandatory turn
lane awaiting signal rotation. Unit 1 traveling west bound also
in the left mandatory turn lane behind unit 2 coming up to the
intersection..As the signal light rotated green, unit 2 slowly
proceeded forward and unit 1 failing to control speed collided
into the back of unit 2 causing damages. Both unit 1 and unit 2
then turned into a parking lot to exchange information but unit
1 failed to stop and fled the scene of the accident. Witness:
*tkinson, Jeffery (915—2691391) advised that he observed unit 1
collide into the back end of unit 2 and flee before officers
could arrive. No reported injuries. Officers were able to locate
nit 1 parked nearby unoccupied. Unit 1 was subsequently
impounded and held for the Special Traffic Investigations unit",4,195,WB,TH,WB,TH,unit 1,rear end
17-263221,"The 2900 block of Trawood is a 5 lane roadway that travels in
the direction of East and.West with two lanes traveling
eastbound and two lanes traveling westbound and a mandatory turn
lane. Unit 2 was traveling East on the right lane on the 2900
hlock of Trawood. Unit 1 was also traveling East on the right
lane on the 2900 block of Trawood.behind unit 2. Unit 2 was a
standstill on a red light when Unit 1 failed to control their
speed colliding Unit 2 on the rear. There were no injuries
reported at the scene",4,196,EB,TH,EB,TH,unit 1,rear end
17-301018,"1700 George Dieter is a 6—lane roadway for north and south
traffic. 3000 Trawood is a 5—lane roadway for east and'west
traffic. Driver of Unit—1 stated she was traveling eastbound in
the middle lane of 3000 Trawood. Driver of Unit—1 stated that as
she was traveling eastbound on Trawood she proceeded through the
intersection at George Dieter with a solid green light, when she
collided'with Unit—2, who was traveling southbound on George
ﬂieter. Driver of Unit—2 stated that he was traveling southbound
in the middle lane of 1700 George Dieter. Driver of Unit—2
stated that as he was traveling southbound on George Dieter he
proceeded through the intersection at Trawood.with a solid green

Lu",4,197,EB,TH,SB,TH,unknown,right angle
17-318200,"1700 George Dieter is a two way roadway with two north bound and

IEIEE3 CHM-‘G55

FA CT ORS &
CONDITIONS

two south bound lanes each with a protected left turn lane.

3000 Trawood is a two way roadway with two east bound and two
est bound lanes each with a protected left turn lane. Unit #2
as traveling north bound at 1700 George Dieter in the left turn

lane and'was waiting for a green light. Unit #1 was traveling

south bound at 1800 George Dieter on the left turn lane. Driver
of Unit #1 suffered a seizure and her Unit #1 traveled across
the intersection onto oncoming traffic on the opposite side of

the roadway at 1700 George Dieter and collided into Unit #2

causing the listed damage. Driver of Unit #2 stated that he

could observe the driver of Unit #1 convulsing as her vehicle
approached at a slow rate of speed. No witnesses were mentioned
at the scene",4,198,SB,LT,NB,TH,unit 1,head on
17-324026,"1800 GEORGE DIETER IS.A TWO LANE NORTH SOUTH ROADWAT WITH BOTH
I‘ IATORY LEFT AND RIGHT TURN LANES ONLY. 3000 TRAWOOD IS.A
FOUR LANE EAST WEST ROADWAY WITH A.CENTER TURN LANE. DRIVER OF

IT 2 SAW SOUTH BOUND ON 1800 GEORGE DIETER AND ENTERED THE
INTERSECTION, AS DRIVER OF UNIT 1 WAS EAST ON 3000 TRAWOOD, AND
ENTERED THE INTERSECTION CAUSING.A COLLISION. WITNESS 1 STATED
THAT HE WAS OPPISITE OF UNIT 1 AT A.RED LIGHT AND SAW DRIVER OF

IT 1 GO INTO THE INTERSECTION.AS UNIT 2 WAS CROSSING. WITNESS
2 STATED THAT HE WAS FILLING UP WITH FUEL AND WAS FACING THE
COLLISION AS HE SAW DRIVER OF UNIT 1 STOPPED AT 3000 TRAWOOD AND
IOVE FORWARD SEVERAL TIMES AND THEN COLLIDE WITH UNIT 2. DRIVER
F UNIT 1 WAS TAKEN TO DEL SOL HOSPITAL FOR EVALUATION. DRIVER
F UNIT 2 DID NOT CLAIM ANY INJURIES AT THE SCENE",4,199,EB,TH,SB,TH,unit 1,right angle
17-338165,"river of unit 2 contacted the Telephone Reporting Unit to
advise of the following accident. Driver of unit 2 advised that
e was driving Eastbound on Trawood Dr and crossed intersecting
George Dieter Dr. on a green light, when unit 1 who was driving
estbound on Trawood Dr. made a left turn onto George Dieter Dr.
and crashed into unit 2. Driver of unit 2 advised that the
damage to unit 2 was to the left doors, the left front quarter,
and the front bumper. Driver of unit 2 advised that the damage
to unit 1 was to the front bumper and the left fog light.
Information was exchanged.by both drivers at the scene. Report
is being filed for insurance purposes",4,200,WB,LT,EB,TH,unit 1,left turn
17-339166,"wriver of Unit 2 came in to the PHRC COLLISION REPORTING CENTER
and stated that on the listed date and time at the address of
occurrence Unit 2 was waiting in the middle of the intersection
to turn left and Unit 1 was east bound on Trawood and tried to
heat the yellow light and collided into the front left of Unit 2
ith the left panel of Unit 1. No injuries or witnesses
reported.",4,201,EB,TH,WB,LT,unit 1,left turn
18-029173,"Driver of Unit
2 stated he was stopped on the right eastbound lane of Trawood
for traffic ahead of him.at the signal light for the
intersection with George Dieter when Unit 1 struck Unit 2 from
hehind. Driver of Unit 2 stated Unit 1 then fled the scene. No
injuries or witnesses reported",4,202,EB,TH,EB,TH,unit 1,rear end
18-058100,"The 1700 block of George Dieter is a four lane roadway with a

IEIEE3 CHM-‘G55

 

ea
3
o
‘G
E

CONDITIONS

 

six lane roadway with two lanes traveling southbound, and four
lanes in the northbound lanes. The roadway is divided.by a
raised.median. In the northbound section of the roadway, there
are two lanes traveling northbound.with one mandatory left turn
only lane and one mandatory right turn only lane. Unit #2 was
stopped at a red stop light on the northbound lane in the #3
lane. Unit #1 failed to control speed.while approaching the red
stop light colliding into the rear of Unit 2. Unit 2 moved into
the intersection and.proceeded to park in a nearby parking lot.
The Driver of Unit 1 was issued a Class C citation for failing
to control speed and failing to maintain financial
responsibility. No injuries were reported at the scene",4,203,NB,TH,NB,TH,unit 1,rear end
18-099299,"The 1700 block of George Dieter is a 6 lane marked roadway with

 

ea
3
o
‘G
E

CONDITIONS

 

3 lanes traveling north and southbound divided.by a raised
divider. The 1700 block of George Dieter has an additional left
turn only lane for both north and southbound traffic. The 1700
hlock of George Dieter intersects with the 3000 block of Trawood
a 4 lane marked roadway with 2 lanes traveling east and'west
hound divided.by a painted divider. Driver of Unit 2 stated that
e was stopped on the 1700 block of George Dieter on the number
4 lane waiting on oncoming traffic to make a right turn onto the
3000 block of Trawood'when Unit 1 collided into Unit 2 from.the
rear. Driver of Unit 1 stated that she was traveling northbound
on the number 4 lane when she collided into Unit 2. Driver of
nit 1 stated that she was not paying attention to the roadway
hen she collided into Unit 2. The officers investigation
revealed that the driver of Unit 1 showed signs of intoxication
and'was taken into custody by officer R. Puentes—Lowry #2845 for
the offense of driving while intoxicated (18—099299). No
injuries were reported to the officers at the scene",4,204,NB,TH,NB,TH,unit 1,rear end
18-100029,"1700 George Dieter is a 6 lane roadway for North and South bound
traffic with 2 left turn only lanes. 2900 Trawood is 8 land
roadway for East and'West bound traffic. The driver on Unit #2

 

ea
3
o
‘G
E

CONDITIONS

 

as traveling south bound in the center lane. The driver of Unit
#1 was traveling east bound in the left lane. The driver of Unit
#1 was attempting to speed.past the traffic light, as Unit #2

as clearing the intersection Unit #1 swerved to avoid hitting
nit #2 subsequently causing minor damage. No reported injures
at the scene",4,205,EB,TH,SB,TH,unit 1,right angle
18-104043,"The 1700 block of George Dieter Dr. is a 5 lane roadway that has

IEIEE3 CHM-‘G55

 

ea
3
o
‘G
E

CONDITIONS

 

2 lanes running North and 2 lanes running South, with a
protected center turning lane and.protected.median on each side
of the intersection. The 3000 block of Trawood is a 5 lane
roadway that has 2 lanes running East and 2 lanes running West,
ith an unprotected center turning lanes on each side of the

intersection. Unit 2 was stopped at a red light in the middle
lane of 1700 George Dieter. Unit 1 was traveling in the middle
lane on the North bound lane on George Dieter arriving to the
intersection at 3000 Trawood. Unit 1 failed to control speed
and collided into the rear of Unit 2. There were no witnesses
or injures reported at the scene",4,206,NB,TH,NB,TH,unit 1,rear end
18-166087,"3000 Trawood is a 2 way east/west roadway with 2 lanes east and

IEIEE3 CHM-‘G55

 

ea
3
o
‘G
E

CONDITIONS

 

2 lanes west and a mandatory left turn lane, 1700 George Dieter
is a 2 way north/south roadway with 2 lanes north and 2 lanes
south and a mandatory left turn lane. Unit 2 was stopped at a
red traffic light west bound on Trawood and was rear ended.by
nit 1 who was putting her coffee down and not looking forward.
Io injuries or witnesses reported. Report done at the PHRC
COLLISION REPORTING CENTER",4,207,WB,TH,WB,TH,unit 1,rear end
18-271073,"1800 block of George Dieter is a four lane two way roadway with

IEIEE3 CHM-‘G55

 

ea
3
o
‘G
E

CONDITIONS

 

two lanes traveling southbound two lanes traveling northbound
divided.by a high raised.median and'with a mandatory left and
right turning lanes. 2900 block of Trawood is a four lane
roadway with two lanes traveling eastbound and two lanes
traveling westbound divided.by a double solid yellow line with
-ndatory left turning lane. All units were traveling southbound
on 1800 George Dieter on the furthest right lane. Driver of unit
three came to a sudden stop due to traffic build up at the
intersection. Driver of unit two was also able to stop in time
right behind unit three. Driver of unit one failed to control

DH-‘I GRAM

its speed and collided with unit‘s two rear end causing a chain
ca reaction. This chain reaction caused unit 2 to travel forward

N

c: and collide with unit‘s three rear end. There were no injuries",4,208,SB,TH,SB,TH,unit 1,rear end
18-287003,"3000 Trawood is a 5 lane two way road for traffic traveling east

IEIEE3 CHM-‘G55

 

ea
3
o
‘G
E

CONDITIONS

 

and'westbound.with no means of separation and intersects with
1800 George Dieter. 1800 George Dieter is a 6 lane two way
roadway for traffic traveling north and southbound. Collision
occurred in the middle of the intersection. Officer met with
hoth drivers of both units to which:Unit 1: advised she was
traveling southbound on 1800 George dieter and'was passing
through the green light. As she drove through intersection she
stated that unit 2 was traveling eastbound on 3000 Trawod and
ran the red light causing her vehicle (unit 1) to collide into
nit 2 causing damages. No reported injuriesUnit 2: advised that
she was traveling eastbound on 3000 Trawood approaching the
intersection at George Dieter. As she crossed the intersection
nit 1 ran the red light and collided into her causing damages.
Io reported injuriesofficer Garcia, due to lack of any
independent witnesses and conflicting stories could not identify
an at fault driver",4,209,SB,TH,EB,TH,unit 1,right angle
18-297245,"3000 Trawood is a 2 lane roadway with 2 lanes westbound and 2

 

ea
3
c
U
E

CONDITIONS

 

lanes eastbound.with a mandatory left turn lane. Unit—02 was
traveling west on 3000 Trawood and stopped at the red light in
the middle lane. Unit—01 was directly behind Unit—02 traveling
estbound, and at the red light and came to a stop behind Unit
-01. Unit—01’s driver observed the mandatory left turn light
change to green and.proceeded to accelerate. Unit—01 struck Unit
-02 from.the rear while Unit—02 was stopped at the red light.
nit—02 received the listed rear damage and Unit—01 received the
listed front—end damage. Unit—01 was cited for failure to
control speed causing an accident. Unit—02*s driver complained
of back and neck pain, however, advised she was in an accident
prior and sustained injuries. Unit—02‘s driver was transported
hy Fire Department Personnel to Sierra Providence East Medical
Center. No other injuries were reported, no independent

itnesses were located",4,210,WB,TH,WB,TH,unit 1,rear end
19-206174,"1800 GEORGE DIETER is a 2 way north/ south roadway divided by a
raised median. 2900 TRAWOOD is a 2 way east/west roadway

IEIEE3 CHM-‘G55

 

ea
3
o
‘G
E

CONDITIONS

 

divided.by a center turn lane. Unit 2 was south bound on George
wieter and was stopped at a red traffic light when Unit 1 rear
ended Unit 2. Driver of Unit 1 was looking back at her child
and not paying attention to the roadway. Driver of Unit 1 did
not have insurance. No injuries or witnesses reported. there
ere 2 children that were not identified in Unit 1. Report
taken at the PHRC COLLISION REPORTING CENTER",4,211,SB,TH,SB,TH,unit 1,rear end
19-252107,"1700 GEORGE DIETER is a 2 way north/ south roadway divided by a
raised median with 2 lanes north and 2 lanes south and a

IEIEE3 CHM-‘G55

 

ea
3
o
‘G
E

CONDITIONS

 

-ndatory left turn lane on either side, controlled with a
traffic light. 3000 TRAWOOD is a 2 way east/west roadway
divided.by a center turn lane with 2 lanes east and 2 lanes west
and controlled with a traffic light. Unit 2 was north on George
wieter and stopped at a red traffic light and'was rear ended.by

nit 1. Driver of Unit 2 is complaining of pain to his neck but
declined EMS. Passengers in Unit 2 were checked.by EMS at the
scene. Report taken at the PHRC COLLISION REPORTING CENTER",4,212,NB,TH,NB,TH,unit 1,rear end
19-262224,"The 1900 block of Trawood is a 5 lane marked roadway, that has

 

ea
3
o
‘G
E

CONDITIONS

 

two lanes traveling West bound and a mandatory left turn lane.
The 1900 block of Trawood also has two lanes traveling East with
a mandatory left turn lane. The 1900 block of Trawood intersects
ith the 1800 block of George Dieter which is a six lane marked
roadway, two lanes North bound, and four lanes South bound with
two mandatory left and right turn lanes. Unit 1 was traveling in
the left turn lane East on Trawood. Unit 2 was traveling West
hound in the number two lane on Trawood. The signal lights

M

Q roceeded to turn green as unit 2 proceeded to travel west onto
E Trawood. Unit 1 then proceeded to turn on a green light however

DH-‘I

not a protected green arrow. In the processes of turning, Unit
:31 failed to yield the right of way, turning left and
subsequently collided.with Unit 2. Witness (Hijar, Ruben an
Hijar Jannet (915) 3529420) advised they were in the were in the
number two lane and observed Unit 1 making the turn without the
protected green arrow, causing the collision. The driver of Unit

NA ERA TH/E AN

1 complained of chest pain but refused.medical transport. The
driver of unit 2 complained of jaw pain. The passengers were
also transported as precautionary due to the 10 mbnth old.baby.
The driver of Unit 1 was cited accordingly",4,213,EB,LT,WB,TH,unit 1,left turn