case_id,description,Intersection_num,case_no.,unit_1_direction,unit_1_movement,unit_2_direction,unit_2_movement,unit_at_fault,crash_type
19-355020,"1800 George Dieter is a 2-way, 6—la.ne roadway divided by a

 

ea
3
o
‘G
E

CONDITIONS

 

raised.median with a left turn only lane. Unit—02 was traveling
north bound on the lane #2 on the 1800 block of George Dieter
approaching the intersection of George Dieter and Trawood. Unit
-01 was traveling south bound on the north bound lanes of the
1800 Block of George Dieter lane #2. Unit—02 observed unit -01
approaching him.from.the wrong side of the roadway who attempted
to use his horn to warn unit—01 but to no avail. Unit—02 took
evasive action and veered the left but due to the raised.median
nit—01 collided into unit—02 back right panel. Unit—01
continued traveling south bound on the north bound lane before
driving on top of the center median and colliding into a light
I-tal pole about 100 yrd south. Driver of unit—01 was arrested
for DWI and all others will seek medical attention at a later",4,214,SB,TH,NB,TH,unit 1,head on
19-358156,"The 2900 block of Trawood is a five lane two way roadway with

IEIEE3 CHM-‘G55

 

ea
3
o
‘G
E

CONDITIONS

 

two lanes that travel west, two lanes that travel east and a
center left turn lane to travel north at the intersection of
1700 George Deiter that is a six lane roadway with two lanes
that travel north, two lanes that travel south a left hand turn
lane and a right hand turn lane. The driver of Unit 2 advised
that she was traveling west on Trawood in the outside lane just
est of the intersection with Geroge Deiter when Unit 1 collided
ith her vehicle causing her vehicle to spin. The driver of Unit
2 advised that she did not see Unit 1 and had no first hand
Inowledge of Unit 1 or where Unit 1 came from_ No injuries were
eported on scene. The driver of Unit 2 provided'witness

r
information as listed below",4,215,WB,TH,WB,TH,unit 1,side swipe
20-162185,"The 1700 block of George Dieter Dr is a 4—lane, 2-way street

IEIEE3 CHM-‘G55

 

ea
3
o
‘G
E

CONDITIONS

 

ith a dedicated left turn lane. Unit 2 was traveling north in
the left lane and was at a complete stop at a red light behind
another vehicle. The light turned green and traffic was moving
then the vehicle ahead of Unit 2 suddenly stopped. Unit 2 had
to stop suddenly as well. Unit 1 was directly behind Unit 2 and
did not stop in time. Unit 1 rear—ended unit 2. There are no
itnesses to report.",4,216,NB,TH,NB,TH,unit 1,rear end
21-071107,"The 2900 block of Trawood is a five lane roadway with two lanes

IEIEE3 CHM-‘G55

 

ea
3
o
‘G
E

CONDITIONS

 

bound and two E bound lanes with a left turn lane only. Unit
two was stationary E bound on the right lane awaiting for the
green light. Unit one was E bound on the right lane. Unit one
failed to control speed and struck unit two. Both drivers
pulled to the side and exchanged information. Driver of unit
one did not provide driver of unit two with proof of insurance.
wriver of unit two failed to obtain unit one‘s information or
description. No injuries were reported and no witnesses to the
accident were located",4,217,EB,TH,EB,TH,unit 1,rear end
21-138178,"The 3000 block of Trawood Dr is a local road that travels east
to west and consists of a designated left turn lane in each

IEIEE3 CHM-‘G55

 

ea
3
o
‘G
E

CONDITIONS

 

direction and two lanes traveling in each direction. U2 was
traveling east on the left lane of Trawood Dr. U1 was also
traveling east on the left lane of Trawood Dr, behind U2. U3 was
in front of U2. U1 rear ended U2 causing damages to the rear
humper of U2 and.projecting U2 into U3, causing additional
damages to the front bumper of U2. U1 failed to exchange
information and fled the scene. No onsite investigation
conducted. U2 was assigned a case number. Diagram.is
approximate.",4,218,EB,TH,EB,TH,unit 1,rear end
21-162013,"1800 George Dieter is a four lane roadway that travels north to

IEIEE3 CHM-‘G55

 

ea
3
o
‘G
E

CONDITIONS

 

south with mandatory left turn lanes protected.by a raised
-dian. Driver of Unit 2 stated he was traveling northbound on
George Dieter in the #1 lane through the intersection on a solid
green light bulb when Unit 1 attempted to make a left turn onto
3000 Trawood and subsequently collided. Driver of Unit 1 stated
e was on the mandatory left turn lane attempting to make left
turn onto 3000 Trawood on a solid green light bulb and
subsequently collided with Unit 2. There were no reported
injuries or witnesses at the scene. Driver of Unit 1 was cited
for Failure to Yield the Right of Away — Turning Left — Causing
an accident. Both Vehicles were impounded to 11615 Railroad",4,219,SB,LT,NB,TH,unit 1,left turn
21-175037,"Driver of Unit 1: He was travelling westbound

on the left lane of Trawood and stopped just before the
intersection with George Dieter for the red signal light.
Shortly after, he was struck from behind by Unit 1 who failed to
control speed. Driver of Unit 2: She was traveling westbound
on the left lane of Trawood and was stopped.behind Unit 2 for
the red signal light at the intersection with George Dieter. Her
foot slipped off the brake and Unit 1 struck Unit 2 from behind.
Io injuries or witnesses reported",4,220,WB,TH,WB,TH,unit 1,rear end
21-187032,"1800 George Dieter is a five lane, two way roadway for north bound and

IEIEE3 CHM-‘G55

 

ea
3
o
‘G
E

CONDITIONS

 

south bound traffic, divided by a raised median. The driver of Unit #1
as traveling north bound on George Dieter on the far right lane of
travel. The driver of Unit #1 failed to control his speed, subsequently
losing control of the vehicle and striking a landscape rock and pole.
Shortly after the accident, Fire Department personnel arrived at the
scene, but advised police communications that the driver of Unit #1 fled
the scene on foot. Upon further investigation, the Officer was advised
hy the owner of Unit #1 that his grandson had been operating the vehicle
at the time of the accident. The Officer subsequently conducted a

ollow up, at which time the Officer met with the driver of Unit #1.

The driver of Unit #1 advised the Officer that he was in fact the driver
of the listed vehicle at the time of the accident. The driver of Unit
#1 complained of right ankle and leg pain, but refused further medical

The driver of Unit #1 was then issued a citation for Failure

I11
Fl‘
Fl‘
fl}
‘.21
Fl‘
|-'
O
‘.5

Pemain At Accident.08/10/2021 08:30 hrs. Further investigation revealed
hat Unit 1 also collided with Unit 2 as it traveled northbound on

t
George Dieter. The driver of Unit 2 reported that he was traveling

Lu
E
E
or:
§
2

northbound on the inside lane of George Dieter when Unit 1 struck him
on the rear. The driver of Unit 2 documented the crash under EPPD 21
-188065. The following parties witnessed Unit 1 strike Unit 2 on the
date ad time of the crash",4,221,NB,TH,NB,TH,unit 1,rear end
21-197080,"The 1800 block of George Dieter Dr is a local road that travels

IEIEE3 CHM-‘G55

 

ea
3
o
‘G
E

CONDITIONS

 

north to south and consists of a designated left turn lane in
each direction, two lanes traveling in each direction, and a
designated right turn lane in each direction. U2 was traveling
south on the right lane of George Dieter Dr. U1 was behind U2.

1 rear ended U2 causing damages to the rear bumper of U2. No
onsite investigation conducted. U2 was assigned a case number.
ﬂiagram.is approximate.",4,222,SB,TH,SB,TH,unit 1,rear end
21-236114,"The 1700 block of George Dieter Dr at the 3000 block of Trawood
Hr is a two way roadway used for north and south bound traffic.

IEIEE3 CHM-‘G55

 

ea
3
o
‘G
E

CONDITIONS

 

wriver of Unit 2 was on George Dieter Dr going north bound in
the right lane and was stopped at a red light. Driver of Unit 1
did not stop and rear ended Unit 2. No on scene investigation
as conducted. No injuries were reported. Diagram.is
approximate.",4,223,NB,TH,NB,TH,unit 1,rear end
21-297001,"The 1700 block of George Dieter is a two way roadway with two

IE5? CH/“G55
Z
G
I.""

 

ea
3
o
‘G
E

CONDITIONS

 

-in lanes in each direction with a left turn lane at the
intersection with Trawood. The 2900 block of Trawood is a two
ay roadway with two lanes in each direction with a left turn
lane at the intersection with George Dieter. The intersection

is controlled.by a traffic control signal light. Unit 1 was
driving east on 2900 Trawood into the intersection while Unit 2
as driving north on 1700 George Dieter into the intersection.
The driver of Unit 1 stated that she had a yellow light and was
looking down at her cell phone. The driver of Unit 2 stated
that he had a green light and.was behind other vehicles crossing
north into the intersection when Unit 1 crossed.in front of hint
resulting in the crash",4,224,EB,TH,NB,TH,unit 1,right angle
21-306158,"The 1800 block of George Dieter Dr is a local road that travels

IEIEE3 CHM-‘G55

 

ea
3
o
‘G
E

CONDITIONS

 

north to south and consists of a designated left turn lane in
each direction, two lanes traveling in each direction, and a
designated right turn lane in each direction. U2 was traveling
south on the left lane of George Dieter Dr. U1 was behind U2. U1
rear ended U2 causing damages to the rear bumper and trunk of

2. No onsite investigation conducted. U2 was assigned a case
number. Diagram.is approximate",4,225,SB,TH,SB,TH,unit 1,rear end
21-328041,"1800 GEORGE DIETER IS A.MARKED, 2-WAY, 6 LANE ROADWAY DIVIDED BY
* RAISED MEDIAN WITH 2 LANES RUNNING NORTH BOUND AND 4 LANES
RUNNING SOUTH BOUND WITH A.MANDATORY RIGHT TURN LANE AND.A
I‘ IATORY LEFT TURN LANE ON THE SOUTH BOUND LANES. UNIT 2 WAS
STANDING-BY ON.A RED LIGHT FACING SOUTH BOUND ON THE RIGHT LANE.

IT I WAS ALSO ON THE RIGHT LANE FACING SOUTH BOUND BEHIND UNIT
2. THE LIGHT CYCLED TO GREEN AND UNIT 1 PROCEEDED FORWARD TOO
CLOSE TO UNIT 2 AND AS A.RESULT, UNIT 1 STRUCK UNIT 2 FROM
BEHIND, DRIVER OF UNIT 1 STATED THAT WHEN THE LIGHT CYCLED TO
GREEN, SHE ASSUMED UNIT 2 WAS GOING TO PROCEED SO SHE MOVED
ORWARD BUT UNIT 2 DID NOT. THE RIGHT FRONT RASSENGER IN UNIT 2
OMPLAINED OF BACK RAIN. NO WITNESSES CAM FORTH",4,226,SB,TH,SB,TH,unit 1,rear end
16-241102,"3100 Block of Lee Trevino Dr. is a two way, divided roadway with
three lanes for North bound traffic and three lanes for South

hound traffic with a mandatory left turn lane on each direction.

10900 Block of Pebble Hills Blvd. is a two way, divided roadway
ith two lanes for East bound traffic and two lanes for West

hound traffic with a mandatory left turn lane on each direction.
""river of Unit 1 stated she was at a complete stop on the right
lane of 10900 block of Pebble Hills (going West bound) then
after checking for the traffic going North bound she observed
nit 2 but to be coming from.a long distance giving her enough
ime/distance to turn right. Driver of Unit 1 added once she
urned right she realized Unit 2 was too close rear ending Unit

100 block of Lee Trevino when Unit 1 made a wide right turn

t
t
1. Driver of Unit 2 stated she was traveling on the left lane of
3
from.Pebble Hills not giving her enough distance to brake. No

i

njuries were reported. No independent witnesses came forward",5,227,WB,RT,NB,TH,unit 1,rear end
16-194180,"3000 Lee Trevino (HE) is a one way, three lane roadway with a
two mandatory left turn lanes. The driver of U—2 advised she

as stopped for a red light on the middle lane. The driver of U
-2 advised U—1 was traveling in the middle lane behind U—2 when
it struck her vehicle (U—2). The driver of U—2 advised U—1*s
driver stopped,stated she was sorry and then fled the scene.
Officer did not make it to the scene and took this report from
the PHRCC.No injuries/No witnesses",5,228,NB,TH,NB,TH,unit 1,rear end
16-143105,"10800 PEBBLE HILLS IS A FOUR LANE TWO WAY ROADWAY FOR EAST AND

ST BOUND TRAFFIC DIVIDED BY A RAISED CENTER MEDIAN. UNIT #1
* I UNIT #2 WERE STOPPED AT A STEADY RED LIGHT IN THE LEFT TURN
LANE TO TURN SOUTH ONTO LEE TREVINO. NON-CONTACT VEHICLE CUT IN
FRONT OF UNIT #1. UNIT #1 ATTMPTED TO BACK UP TO ALLOW NON
-CONTACT VEHICLE TO ENTER THE LANE. UNIT #1 BACKED UP AND
IMPACTED UNIT #2 CAUSING MINOR DAMAGE. THE DRIVER OF UNIT #1
CHECKED THE DAMAGE AND THEN FLED THE SCENE. NO INJURIES ‘WERE
REPORTED AND NO INDEPENDANT WITNESSES ‘WERE LOCATED",5,229,WB,TH,WB,TH,unit 1,backing vehicle
16-138208,"10800 PEBBLE HILLS IS.A TWO-WAY, FOUR-LANE ROADWAY DIVIDED BY.A
IIDIAN AND THIS ROADWAY TRAVELS EAST TO WEST. DRIVER OF U-2
STATED THAT HE WAS STOPPED FOR TRAFFIC ON THE LEFT TURNING LANE
TO TURN ONTO LEE TREVINO SOUTH BOUND. DRIVER OF U-1 STATED THAT
HE WAS TRAVELING ON THE LEFT TURNING BEHIND U-2. DRIVER OF U-1
*IVISED THAT HE COULD NOT STOP ON TIME BEHIND U-2. DRIVER OF U-1
COLLIDED FRONT END DISTRIBUTED ONTO THE REAR OF U-2. DRIVER OF U
-1 FAILED TO CONTROL HIS SPEED AND HE WAS CITED UNDER CITATION
#18-943041. THERE WERE NO REPORTED INJURIES NOR WITNESSES",5,230,WB,TH,WB,TH,unit 1,rear end
16-042281,"3000 Lee Trevino is a 6 lane roadway that runs northbound and
southbound. Driver of Unit-2 stated he was traveling eastbound in the #3
lane of travel with their emergency overhead lights and sirens on,
esponding to a code-3 call. Unit-2 approached the intersection of 3000
lee Trevino, which had a solid red light. Driver of Unit-2 stopped and
cleared the intersection and observed southbound traffic stopped. Driver
of Unit-2 then observed traffic stopped in the #1, 2, 3, and 4 lanes of
northbound traffic on 3000 Lee Trevino. Driver of Unit-2 observed an
unknown vehicle in the #5 lane (northbound on Lee Trevino) pull over to
the right side, at which time Unit-2, which was in the #3 lane
(eastbound on Pebble Hills) proceeded through the intersection bypassing
the unknown vehicle on the right lane. While Unit-2 proceeded through
the intersection, Unit-2 observed Unit-1 in the #5 lane (northbound on
lee Trevino) and subsequently struck Unit-2. Driver of Unit-1 stated
that he was traveling northbound on 3000 Lee Trevino in the #3 lane of
travel, approaching a solid green light at 10900 Pebble Hills. Driver of
nit -1 stated he proceeded through the green light at Pebble Hills at
hich time he saw the Unit-2 with the overhead lights on run a red

5
E
5..
o
o
2
E.
E
E
E
2

light, but was unable to stop in time, subsequently striking Unit-2.Wi
-1 (Ward, Mena 915-504-0922) / Hi-2 (Hoor, Sultan 915-274-9525):Hi-1 and
i-2 stated that they were in their vehicle traveling westbound on
Pebble Hills when they heard the police sirens. Hi-1 and Hi-2 then
observed Unit-2 with their emergency lights and heard the sirens as Unit
-2 was traveling eastbound on Pebble Hills. Hi-1 and Hi-2 observed
ehicles stopping for the police unit (Unit-2), but observed Unit-1 in
ar right lane of travel on 3000 Lee Trevino not stopping and appearing
to be traveling at a high rate of speed. Hi-1 and Hi-2 then observed
nit-1 proceed through the intersection and collide into Unit-2",5,231,EB,TH,NB,TH,unit 1,right angle
18-035155,"10800 Pebble Hills is a 2-way, 6—lane roadway which travels east

IEIEE3 CHM-‘G55

 

ea
3
o
‘G
E

CONDITIONS

 

to west. 3100 N. Lee Trevino is a 2-way, 8—lane roadway which
travels north to south. Unit—02 was traveling east bound on the
far right lane of the 10800 block of Pebble hills crossing Lee
Trevino on a green light..A non—contact vehicle was traveling
north bound on the far right lane of the 3100 block of N. Lee
Trevino and failed to yield the right of way to unit—2 and while
failing to stop a red light forcing unit—02 to come to an
emergency stop. Unit—01 who was traveling behind unit—02 on the
10800 block of Pebble Hills was following too close to stop in
time and failed to control his speed colliding into unit—02 back

DH-‘I GRAM

humper. Both unit—01 and the non—contact vehicle fled the scene",5,232,EB,TH,EB,TH,unit 1,rear end
18-016215,"river of Unit 2 called in to the PHRC COLLISION REPORTING
CENTER and stated that on the listed date and time at the
address of occurrence Unit 2 was stopped at a red traffic light

IEIEE3 CHM-‘G55

 

ea
3
o
‘G
E

CONDITIONS

 

in the left turn lane and'was rear ended.by Unit 1. Driver of

nit 1 refused to provide her information and fled the scene.
Io injuries or witnesses reported",5,233,NB,TH,NB,TH,unit 1,rear end
17-349148,"3100 Lee Trevino is a two way, six lane roadway with three lanes
going south bound and three lanes going north bound. Unit 2 was
stopped waiting for the signal light to change green in the
center facing south bound. Driver of unit 2 stated.while she was
stopped, unit 1 drove between her vehicle and another vehicle at
hich time unit 1 struck unit 2 causing the listed damege.
""river of unit 2 reported no injures at that time. Driver of

nit 1 stated that he was fleeing the scene of an accident (17
—349147) and did not remember which lane he was in. Driver of
nit 1 further stated that he remembers driving between unit 2*s
ehicle and another vehicle and striking unit 2. Driver of unit
1 advised that he ""ran"" the light and.made a right turn from.the
far left lane. Driver of unit 1 reported no injures at that
time. No independent witnesses were located at that time",5,234,SB,TH,SB,TH,unit 1,side swipe
17-324084,"3100 block of Lee Trevino is a seven lane roadway for northbound
and southbound vehicular travel divided.by a protective median.
10800 Pebble Hills is a five lane roadway for westbound and
eastbound vehicular travel divided.by a protective median.Driver
of Unit 1 stated that he was traveling northbound on Lee Trevino
on lane four. Driver of Unit 1 stated that he had a red light at
the intersection of Lee Trevino and Pebble Hills. Driver of Unit
1 stated that right before he came to the intersection he was
coming to a stop and a door located on the back rear of the
ehicle was not closed.properly and slammed.open colliding with
nit 2 that was stopped on lane three. Driver of Unit 2 stated
that he was driving northbound on Lee Trevino on lane three.
""river of Unit 2 stated that when he had a red light on Lee
Trevino and came to a stop. Driver of Unit 2 stated that when he
as stopped Unit 1 was traveling northbound on lane four and his
oor slammed.open and subsequently collided with his vehicle.No
injuries or witnesses were reported at the scene",5,235,NB,TH,NB,TH,unit 1,side swipe
16-285113,"10900 Pebble Hills runs east and'west and is a two way four lane
roadway divided.by a raised.median with a mandatory left turn
lane which was under construction and'was closed off with
traffic cones and it intersects with 3100 Lee Trevino. Unit #2,
nit #3 and Unit #4 were traveling west on Pebble Hills in the
left lane and'were slowing down due to another vehicle ahead

- ing a left turn south onto Lee Trevino on a green traffic
control signal light. Unit #1 was also traveling west on Pebble
Hills in the left lane and failed to control speed at which
,1 oint it struck Unit #2 from behind and with the force of the
E irrpact Unit #2 then struck Unit #3 from behind and Unit #3 then
struck Unit #4 frontbehind. Unit #2 driver advised.of pain to
cythe neck, back and left shoulder and'was transported.by EMS to
::the hospital. No witnesses were reported at the scene",5,236,WB,TH,WB,TH,unit 1,rear end
17-097170,"river of unit 2 contacted the Telephone Reporting Unit to
advise of the following accident that occurred on 04/07/2017 at
approximately 0715hrs at the corner of Pebble Hills Blvd and N
Lee Trevino NE in El Paso, Texas. Driver of unit 2 stated that
e was driving Westbound on Pebble Hills Blvd on the left
dedicated turning lane and that unit 1 was on the same lane,
just behind unit 2. Driver of unit 2 stated that the vehicle in
front of him.came to a complete stop causing him.to completely
stop, when unit 1 crashed into unit 2 fronibehind. Driver of
nit 2 stated that the damage to unit 1 was to the rear bumper
and that the damages to unit 1 were to the hood and the left
front quarter. No on—scene investigation was conducted. Both

ivers exchanged information at the scene. Driver of unit 2 is
filing this report for insurance purposes",5,237,WB,TH,WB,TH,unit 1,rear end
17-139275,"3100 H Lee Trevino, North of Pebble Hills is a marked, 7—lane, 2
—way roadway, 3 Northbound lanes, 3 Southbound lanes, and 1
Southbound.mandatory left turn lane, divided.by a raised.median.
nit 2 was traveling Southbound on 3100 H Lee Trevino,
approaching the intersection of Lee Trevino/Pebble Hills in the
#1 lane. Unit 1 was also traveling Southbound on Lee Trevino
approaching Lee Trevino/Pebble Hills in #2 lane. The driver of
nit 2 stated that the driver of Unit 1 cut across his lane of
travel applying the brakes in an unsafe manner during a green
light causing Unit 2 to strike Unit 1 from behind causing the
listed damage. The driver of Unit 1 stated that he wanted to
cut across into the Southbound left turn lane as they were
arriving at the intersection. The officer was stopped at the
red light on 10700 Pebble Hills heading to another call for
service. The officer then heard Unit 2 slamming on his brakes,
colliding with Unit 1. The officer also observed the Southbound
traffic lights to be green and the Southbound left turn light to
he red. There were no reported injuries and no independent",5,238,SB,TH,SB,TH,unit 1,side swipe
17-165060,"uriver of Unit 2 came in to the PHRC COLLISION REPORTING CENTER
and stated that on the listed date and time at the address of
occurrence Unit 2 was stopped at a red traffic light south bound
on Lee Trevino and Unit 1 was coming fast and did not stop and
collided into the back center to back right of Unit 2. Driver
of Unit 1 never got off and the passenger (Felipe) got off and
said he would take care of the damage to Unit 2 as his brother
owns a body shop and got back in Unit 1 and fled the scene.
Passenger in Unit 2 is complaining of pain to her neck and.back
hut did not call EMS",5,239,SB,TH,SB,TH,unit 1,rear end
18-048029,"3000 block of Lee Trevino is a six lane two way road way with

IEIEE3 CHM-‘G55

 

ea
3
o
‘G
E

CONDITIONS

 

three lanes traveling northbound and three lines traveling
southbound with two mandatory left turning lanes going
northbound and one mandatory left turning lane going southbound
divided.by a high raised.median. 10800 block of Pebble Hills is
a five lane two way roadway with two lanes traveling eastbound
and two lanes traveling westbound.with a mandatory left turning
lane. Driver of unit two was stationary (haulted) at the
northbound.middle lane on 3000 block of Lee Trevino on a red
light. Driver of unit one failed to control its speed causing an
incident by not being able to stop in time to stop on the red
light and collided with unit‘s 2 rear end. Unit one suffered

itness and no injuries present at the scene",5,240,NB,TH,NB,TH,unit 1,rear end
18-064032,"3100 LEE TREVINO (N/S) IS A.6 LANE 2 WAY PROTECTED MEDIAN
HIVIDED ROADWAY. UNIT 2 WAS ON FAR RIGHT LANE TRAVELING
SOUTHBOUND ON LEE TREVINO AND SLOWING DOWN TO MAKE.A RIGHT TURN
ONTO PEBBLE HILLS. UNIT 1 WAS DIRECTLY BEHIND UNIT 2 AND ALSO
ON FAR RIGHT LANE TRAVELING SOUTHBOUND ON LEE TREVINO. UNIT 1
FAILED TO CONTROL SPEED AND COLLIDED WITH UNIT 2 AS VEHICLE HAD
SLOWED DOWN. ALL INVOLVED PARTIES DID NOT ADVISE OF ANY
*PPARENT INJURIES AND REFUSED MEDICAL EVALUATION/TREATMENT.AT
THE SCENE. NO WITNESS(ES) CAM FORWARD NOR WERE LOCATED.AT THE
SCENE. BOTH VEHICLES HAD MINOR DAMAGE AND DRIVEN AWAY BY
RESPECTIVE OWNERS",5,241,SB,TH,SB,RT,unit 1,rear end
18-066093,"river of Unit 2 came in to the PHRC COLLISION REPORTING CENTER
and stated that on the listed date and time at the address of

occurrence Unit 2 was stopped at a red traffic light and was

IEIEE3 CHM-‘G55

 

ea
3
o
‘G
E

CONDITIONS

 

rear ended.by Unit 1. Driver of Unit 1 stated he is buying Unit
1 and did not have insurance with him_ He does not have a valid
driver license in Texas and.presented an ID. No injuries or
itnesses reported. Driver of Unit 2 stated there was no

isible damage to the front of Unit 1 but some damage to the
rear of Unit 2",5,242,NB,TH,NB,TH,unit 1,rear end
18-175163,"THE 10800 BLOCK OF PEBBLE HILLS IS.A FOUR LANE ROADWAY THAT
TRAVELS EAST AND WEST BOUND WITH A.MANDATORY LEFT AND RIGHT
TURN. UNIT TWO DRIVER STATED THAT SHE WAS STOPPED.AT.A RED LIGHT
ON PEBBLE HILLS FACING EAST BOUND. UNIT TWO DRIVER STATED THAT
IT ONE CAM FROM BEHIND AND COLLIDED INTO UNIT TWO. UNIT TWO
""RIVER DID NOT COMPLAIN OF ANY INJURIES BUT DID STATE THAT SHE
OULD GO TO THE DOCTORS OFFICE TO GET CHECKED OUT. WI-01 (SARA
RAMIREZ #915-271-5235) ADVISED THAT SHE WAS FOLLOWING UNIT ONE
SINCE THE AREA OF EDGEMERE AND WEDGEWOOD WHEN SHE OBSERVED UNIT
ONE DRIVER RUN A STOP SIGN. WI-01 STATED THAT WHEN FOLLOWING
IT ONE, UNIT ONE WAS DRIVING ERRATICALLY AND SWIRVING ON THE
ROADWAY ON EDGEMERE. UNIT ONE THEN MADE A.LEFT TURN ONTO

D DIA GRAM
e
:1:
:x:
o
G
G:
:1:
E
H
is
o
E
III
4:‘:
o
Z
is
H
E
III
I::
is
o
In
E
E
o
Z
is
:1:
III
E
E
E
E
H
is
o
E
III

THEN MADE A.LEFT TURN ONTO PEBBLE HILLS STILL SWIRVING ON THE
ROADWAY. UNIT ONE EVENTUALLY COLLIDED INTO UNIT TWO WHO WAS
STOPPED AT A.RED LIGHT ON PEBBLE HILLS AND LEE TREVINO. WI-01
CALLED FOR POLICE ASSISTANCE",5,243,EB,TH,EB,TH,unit 1,rear end
18-221045,"10900 Pebble Hills is four lane east and'west bound roadway,
ith left turn lanes. 10900 Pebble Hills is divided.by a raised
concrete median. Unit # 2 was travelling west bound on the left
and turn lane on the 10900 block of Pebble Hills. Unit # 1 was
travelling west bound on the left hand turn lane on the 10900

hlock of Pebble Hills behind unit # 2. Driver of unit # 2 stated
she came to a complete stop at the red light. Driver of Unit # 2

IEIEE3 CHM-‘G55

 

ea
3
o
‘G
E

CONDITIONS

 

then stated that unit # 1 was approaching at a high rate of
speed and struck her fromtbehind. Driver of unit # 1 stated that
she had come to a complete stop at the red light behind unit #
2, when unit # 2 suddenly began to back up striking her vehicle.
Officer was unable to determine fault for the accident",5,244,WB,TH,WB,TH,unit 1,rear end
18-356016,"10800 Pebble Hills is a 5—lane roadway that travels east and
estbound.with a middle lane for only left turns, and it is

 

ea
3
o
‘G
E

CONDITIONS

 

divided.by a protected.median. 3000 Lee Trevino is a 7—lane
roadway that travels north and southbound.with a middle lane for
only left turns, and it is divided.by a protected.median.Unit 1
as traveling eastbound on 10800 Pebble Hills on lane #2. Unit 2
as traveling southbound on 3000 Lee Trevino on lane #4. Unit 1
ran the red light, thus colliding into Unit 2. Driver of unit 1
as transported to Sierra Providence east and the Driver of Unit
2 did not reported any injuries. There were no independent that
observed the collision at the scene",5,245,EB,TH,SB,TH,unit 1,right angle
19-015104,"3000 Lee Trevino runs north and south and is a two way six lane

IEIEE3 CHM-‘G55

 

ea
3
o
‘G
E

CONDITIONS

 

roadway divided.by a raised.median with mandatory left turn
lanes which intersect with 10900 Pebble Hills which runs east
and'west. Unit #2 was traveling north on Lee Trevino in the
right lane and'was proceeding through the intersection of Pebble
Hills. Unit #1 was traveling south on Lee Trevino in the
-ndatory left turn lane and'was making a left turn east onto
Pebble Hills but failed to yield the right of way before making
a left turn at which point it was struck by Unit #2 broadside.
nit #2 driver advised of injuries but refused EMS and further
advised she would seek a private doctor. No witnesses were
reported at the scene",5,246,SB,LT,NB,TH,unit 1,left turn
19-054028,"The 3000 block of Lee Trevino is a 6 lane (divided/unprotected) roadway

 

ea
3
o
‘G
E

CONDITIONS

 

or north and south bound travel. The 3000 block of Lee Trevino has two

double mandatory left turn only lanes; one on the south bound lanes and
one on the north bound lanes. The 10900 block of Pebble Hills is a 4
lane (divided/unprotected) roadway with both west and east bound travel.
The 10900 block of Pebble Hills contains two mandatory left turn only
lanes; one on the east bound lanes and one on the west bound lanes. Unit
1 stated she was traveling south bound on the 3000 block of Lee Trevino
in the far left lane to Proceed onto the 10900 block of Pebble Hills and

had the green arrow when she took the turn. The driver of Unit 1 stated
that is all she could remember. The driver of Unit 2 stated he was
traveling north bound on the 3000 block of Lee Trevino in the far left
lane to continue to proceed north and was going to cross the
intersection of 10900 block of Pebble Hills. The driver of Unit 2 stated
he had the green light and was proceeding through when he observed Unit
1 traveling west bound on the east bound lanes of 10900 Pebble Hills.
The driver of Unit 2 stated Unit 1 crossed at an extremely high rate of
speed and the driver of Unit 2 could not avoid the collision. The driver
of Unit 2 stated he applied his brakes and tried to swerve out of the

E
E
5..
o
o
2
E.
E
E
E
2

ay but could not in time causing Unit 2 to collide into Unit 1. No
injuries were reported on scene.Witness 1 stated she was traveling
northbound on the 3000 block of Lee Trevino and was in the far right
lane to turn eastbound onto the 10900 block of Pebble Hills. Witness 1
stated as she was proceeding to turn with a solid green light, she
observed Unit 1 traveling westbound on the eastbound lanes of 10900
Pebble Hills. Witness 1 stated she activated her horn to alert the
driver of Unit 1 that they were traveling on the wrong side of the road.
itness 1 stated before Unit 1 entered the intersection, Unit 1 came to
a stop as the signal light was red for 10900 Pebble Hills. Hitness{###}",5,247,WB,TH,NB,TH,unit 1,right angle