case_id,description,Intersection_num,case_no.,unit_1_direction,unit_1_movement,unit_2_direction,unit_2_movement,unit_at_fault,crash_type
19-184086,"3000 LEE TREVINO is a 2 way north/south roadway divided.by a
raised.median. 10800 PEBBLE HILLS is a 2 way east/west roadway
divided.by a raised.median. Unit 2 was behind Unit 1 at the
traffic light north bound on Lee Trevino and Unit 1 began to

IEIEE3 CHM-‘G55

 

ea
3
o
‘G
E

CONDITIONS

 

reverse and Unit 2 honked several times but Unit 1 kept
reversing and collided into the front center of Unit 2 damaging
the grill and.bumper and hood with his hitch and then Unit 1
fled the scene. Unit 2 was able to get a license plate of Unit
1. No injuries or witnesses reported. Report taken at the PHRC
COLLISION REPORTING CENTER",5,248,NB,TH,NB,TH,unit 1,backing vehicle
19-254202,"3100 N LEE TREVINO is a. 2 way north/ south roadway divided by a.
raised median with 3 lanes north and 3 lanes south and a

IEIEE3 CHM-‘G55

 

ea
3
o
‘G
E

CONDITIONS

 

-ndatory left turn lane on either side controlled.by a traffic
light. 10800 PEBBLE HILLS is a 2 way east/west roadway divided
hy a raised.median with 2 lanes east and 2 lanes west with a
u-ndatory left turn lane on either side controlled.by a traffic
light. Unit 2 was stopped at a red light facing south on Lee
Trevino and was rear ended.by Unit 1. No injuries or witnesses
reported. Report taken at the PHRC COLLISION REPORTING CENTER",5,249,SB,TH,SB,TH,unit 1,rear end
19-269097,"3000 N LEE TREVINO is 2 way north/ south roadway divided by a
raised median with 3 lanes north and 3 lanes south and 2

IEIEE3 CHM-‘G55

 

ea
3
o
‘G
E

CONDITIONS

 

-ndatory left turn lanes on either side controlled.by a traffic
light. 10800 PEBBLE HILLS is a 2 way east/west roadway divided
hy a raised.median with 2 lanes east and 2 lanes west with a
u-ndatory left turn lane on either side controlled.by a traffic
light. Unit 1 was in the left most lane facing north on Lee
Trevino making a left turn into Pebble Hills west bound and Unit
2 was in the next left turn lane and.when both cars turned left,

nit 1 veered into the next lane causing Unit 2 to collide into
the right distribution of Unit 1. No injuries or witnesses
reported. Report taken at the PHRC COLLISION REPORTING CENTER
ca from both drivers",5,250,NB,LT,NB,LT,unit 1,side swipe
19-307112,"10900 Pebble Hills is a two way roadway with two lanes that run

IEIEE3 CHM-‘G55

 

ea
3
o
‘G
E

CONDITIONS

 

east and two lanes that run west (has a mandatory left turn
lane); that are divided.by a protected.median. Unit 2 was
traveling west and.merged onto the mandatory left turn lane.

nit 2 made a U—turn on the intersection of Pebble Hills and Lee
Trevino to go east of 10900 Pebble Hills. Unit 1 was traveling
Iorth on 3000 Lee Trevino (has three lanes that run north with
two mandatory left turn lanes) and.made a right turn. Unit 1

failed to yield at the red light thus collided into Unit 2",5,251,NB,RT,WB,LT,unit 1,rear end
19-336309,"The 3000 block of Lee Trevino north is a 5 lane roadway with 2

IEIEE3 CHM-‘G55

 

ea
3
o
‘G
E

CONDITIONS

 

:-ndatory left turn lanes. Driver of unit 4 stated that she was
at a complete stop for a red light at the intersection of Lee
Trevino/Pebble Hills on the second left turn lane when she was
struck by unit 3. Driver of unit 3 stated that she was also on a
complete stop on the third lane of Lee Trevino when she was
struck by unit 2. Driver of unit 2 stated that he was on a
complete stop behind unit 3 when he was struck by unit 1. Driver
of unit 1 collided into unit 2 causing a chain reaction with

nit 2, 3 and 4. Driver of unit 1 fled the scene upon arrival.
Io other witnesses or injuries were reported",5,252,NB,TH,NB,TH,unit 1,rear end
20-029181,"The 3100 Block of Lee Trevino Northbound is a three lane mark
road.The 10900 Block of Pebble Hills Westbound lane is a two
lane mark road. Driver for Unit No. 1 stated she was traveling

Iorthbound on the number three lane of the 3100 Block of Lee
Trevino. Driver for Unit No. 1 stated the light turn yellow

 

ea
3
o
‘G
E

CONDITIONS

 

hefore she entered the intersection at Lee Trevino and Pebble
Hills Ave. Driver for Unit No. 1 stated.by the time she entered
the intersection, the traffic light was already red. Driver for
nit No. 1 admitted running the red light at the intersection of
Lee Trevino and Pebble Hills Ave.Driver for Unit No. 2 stated he
as traveling Westbound at the 10900 Block of Pebble Hills Ave.
ﬂriver for Unit No. 2 stated he had a green light when he was
entering the intersection at Lee Trevino and Pebble Hills Ave.
Io witnesses were located at the scene. No injuries were claimed
at the scene. Driver for Unit No. 1 was able to drive her
ehicle home. Driver for Unit No. 2 called a private Tow to have
is vehicle taken to his home",5,253,NB,TH,WB,TH,unit 1,right angle
20-111043,"The 10800 block of Pebble Hills is an eight—lane roadway with
three lanes traveling East and three lanes traveling West,

IEIEE3 CHM-‘G55

 

ea
3
o
‘G
E

CONDITIONS

 

-ndatory right turn lane and a mandatory left turn lane,
divided.by a protected.median. The 3100 block of Lee Trevino is
a six—lane roadway with two lanes traveling North and two lanes
traveling South, a mandatory left turn lane divided unprotected.
The intersection is controlled.by a traffic signal light. The
wriver of Unit one was at a stop at the 10800 block of Lee
Trevino in the mandatory left turn lane attempting to turn

M

Iorthbound on to 3100 Lee Trevino when the signal light turned
ed. The Driver of Unit 1 told Officer Smith that he was too far
ut in the roadway and.back up to be clear of moving traffic

hen he backed into Unit 2. The driver of Unit 1 stated that

hen he was not able to make the turn and the light changed, he
feared.being hit by traffic traveling South. The driver of Unit
2 stated that she was at the 10800 block of Pebble Hills in the
I -ndatory turn lane and observed the driver of Unit 1 far out in

‘Q

Q:

151*.‘
go
ﬁt
E
I-LI
E
E
E
2:

the intersection when the light turned red and the driver of
nit 1 backed up colliding with unit 2. Both vehicles were
removed.from.the roadway to traffic. There were no independent
itnesses or injuries reported at the scene",5,254,EB,LT,EB,TH,unit 1,backing vehicle
20-126191,"10700 Pebble Hills is a 4 lane, 2 way roadway with 2 eastbound
lanes with a mandatory left turn lane and 2 westbound lanes with

 

ea
3
o
‘G
E

CONDITIONS

 

a mandatory left turn lane divided.by a raised concrete median.
""river of Unit #1 stated he was traveling in lane #2 westbound
on 10700 Pebble Hills. Driver of Unit #1 stated he observed Unit
#2, who was traveling in front of himq come to a stop in lane #2
due to a red light on 10700 Pebble Hills westbound. Driver of
nit #1 stated he applied his brakes, but they were not
engaging. Driver of Unit #1 stated he then collided into the
rear of Unit #2. Driver of Unit #2 stated he was traveling in
lane #2 on 10700 Pebble Hills westbound.when he came to a stop
due a red traffic light. Driver of Unit #2 stated he observed
nit #1 collide into the rear of his vehicle as he was stopped
for the red traffic light. There were no independent witnesses
nor any reported injuries. The driver of Unit #1 and driver of
nit #2 were cited",5,255,WB,TH,WB,TH,unit 1,rear end
20-172132,"10700 BLOCK OF PEBBLE HILLS IS A.SIXLANE ROADWAY TRAVELS EAST/WEST BOUND
ITH A.MANDATORY RIGHT/LEFT TURN LANE WHEN TRAVELING EAST BOUND AND IS
PROTECTED BY A.RAISED MEDIAN. UNIT 2 WAS STOPPED WAITING ON A.RED LIGHT
IN THE INSIDE LANE AND UNIT 1 WAS BEHIND UNIT 2. UNIT 2 DRIVER.ADVISED
IN THE LIGHT TURN GREEN UNIT 1 STRUCK UNIT 2. UNIT 2 DRIVER.ADVISED
IT 1 EXITED HER.VEHICLE AND STATED TO FORGIVE HER SHE WAS PUTING HER
ITEMS AWAY AND DID NOT KNOW HOW THE ACCIDENT HAPPENED. UNIT 2 DRIVER
eIVISED SHE OBTAIN UNIT 1 INSURANCE AND WAS TOLD TO CALL HER INSURANCE.

IT 2 DRIVER.ADVISED UNIT 1 JUST ASKED US IF WE WERE OK BUT IT HAPPEN
SO EAST THAT I TOLD HER FOR THE MDMNT IT'S DIFFICULT BUT THE IMPACT WAS
Ie'I. UNIT 2 DRIVER.ADVISED SHE CALLED UNIT 1 INSURANCE, BUT DID NOT
* SWER. UNIT 2 DRIVER.ADVISED SHE THOUGHT IT WASN*T RIGHT FOR US TO BE
CALLING HER INSURANCE AND CAME TO THE POLICE STATION TO FILE A.POLICE
air PORT. OFFICER SPOKE WITH UNIT 1 DRIVER OVER THE TELEPHONE AND WAS
eIVISED OF THE FOLLOWINGZUNIT 1 DRIVER.ADVISED SHE WAS IN THE NUMBER TWO
Ie AND UNIT 2 WAS IN FRONT OF HER WAITING FOR.A RED LIGHT. UNIT 1
ﬂRIVER.ADVISED THE LIGHT TURN GREEN AND UNIT 1 DRIVER TURN OVER TO GET.A
ATER.AND LET GO OF THE BRAKE STRIKING UNIT 2. UNIT 1 DRIVER.ADVISED

IT 2 DRIVER STATED THAT SHE HIT HER HEAD IN THE BACK OF HER SEAT. UNIT
1 DRIVER.ASKED UNIT 2 IF SHE NEEDED TO GO TO THE HOSPITAL AND UNIT 2
ﬂRIVER.ADVISED IT DOESN‘T HURT. UNIT 1 DRIVER.ADVISED SHE SPOKE TO THE
FRONT PASSENGER.AND THEY BOTH EX-CHANGE INSURANCE. UNIT 1 DRIVER.ADVISED

IT 2 IF SHE WANTED A.REPORT AT WHICH TIM UNIT 2 DRIVER STATED WE'LL
GO THROUGH THE INSURANCE. NO WITNESS AND POSSIBLE INJURIES (NECK PAIN)
TO UNIT 1 DRIVER, FRONT PASSENGER, BACK LEFT PASSENGER",5,256,EB,TH,EB,TH,unit 1,rear end
20-281034,"10900 LEE TREVINO IS A 5 LANED, 2 WAY ROADWAY. IT RUNS EAST AND
ST, HAS PAINED LINES AND A RAISED CENTER MEDIAN. UNIT #2 WAS
TRAVELING WESTBOUND ON LEE TREIVNO AND STOPPED ON THE RED LIGHT.
IT #2 WAS STRUCK FROM BEHIND BY UNIT #1, AS SOON AS THE LIGHT
TURNED GREEN. NO INJURIES OR WITNESSES. DRIVERS OF BOTH VEHICLES
EXCHANGED PARTIAL INFOR.MA.TION. OFFICER ATTEMPTED TO MAKE CONTACT

TH DRIVER OF UNIT #1.

E
E
5..
c:
an
2
E.
E
E
E
2

Time Notiﬁed",5,257,WB,TH,WB,TH,unit 1,rear end
20-352210,"10900 BLOCK OF PEBBLE HILLS IS.A FOUR LANE ROADWAY, TWO LANES
TRAVEL EAST AND TWO LANE TRAVELS WEST BOUND WITH A.MANDATORY
LEFT TURN LANE, DIVIDED BY.A RAISED MEDIAN AND CONTROLLED BY
SIGNAL LIGHTS. UNIT 2 DRIVER ADVISE SHE WAS IN THE IMANDATORY
LEFT TURN LANE WAITING FOR THE LIGHT TO TURN GREEN WHEN UNIT 1
STRUCK UNIT 2. UNIT 2 DRIVER ADVISED SHE EXITED HER VEHICLE AND

IT 1 DRIVER ALSO EXITED THE VEHICLE. UNIT 2 DRIVER ADVISED

IT 1 DRIVER STATED FOR THEM TO MOVE TO THE GAS STATION WHICH
IS ACROSS THE STREET SO UNIT 1 CAN GIVE UNIT 2 THE INFORMATION
THAT IS NEEDED FOR THE ACCIDENT. UNIT 2 DRIVER ADVISE SHE DROVE
O THE GAST STATION AND UNIT 1 FLED THE SCENE. NO WITNESS AND
OSSIBLE INJURY (NECK TO SHOULDERS) TO UNIT 2 DRIVER",5,258,WB,TH,WB,TH,unit 1,rear end
20-363241,"3000 N LEE TREVINO IS AN EIGHT LANE, TWO WAY DIVIDED BY A HIGH
DIAN. IT IS DESIGNED FOR SOUTH/NORTHBOUND TRAFFIC. UNIT# 2 WAS
TRAVELING NORTHBOUND ON LEE TREVINO MAKING A COMPLETE STOP IN
THE SECOND MANDATORY LEFT TURN LANE. UNIT# 1 WAS TRAVELING

I ORTHBOUND ON LEE TREVINO IN THE SECOND MANDATORY LEFT TURN LANE
BEHIND UNIT# 2. UNIT# 1 PROCEEDED FORWARD WHEN THE LEFT TURN
SIGNAL WAS STILL RED. UNIT# 1 COLLIDED ‘WITH UNIT# 2. NO
INJURIES AND NO WITNESSES REPORTED AT THE SCENE",5,259,NB,TH,NB,TH,unit 1,rear end
20294234,"The 3000 Block of Lee Trevino Northbound is a 3 lane one way

 

ea
3
o
‘G
E

CONDITIONS

 

roadway with a protected raised.median, that is controlled.by a
traffic control signal light with two mandatory left hand turn
lanes. Unit #2 was waiting at a red signal light facing North,
in lane #3 and'was impacted.from.the rear by unit #1. The
driver of Unit #1 failed to control speed and'was subsequently
arrested for Driving While Intoxicated. EMS support was denied
hy the driver of Unit #2. Unit #1 was towed to 11615 Railroad
for safekeeping",5,260,NB,TH,NB,TH,unit 1,rear end
21-033220,"Officers mat with both drivers who stated the following:
ﬂriver of Unit 1 stated he was traveling southbound on the
I -ndatory left turn lane of N. Lee Trevino and decided he was
going to go to the Valero convenience store located at the
southwest corner of the Pebble Hills/N. Lee Trevino
Intersection. Driver of Unit 1 looked.back through his right
rear view mirror and did not observe any vehicles approaching so
e changed lanes onto the southbound right lane of Lee Trevino,
at which time, he struck Unit 2 who was traveling southbound on
the right lane of Lee Trevino. Driver of Unit 2 stated she

E
E
5..
o
o
2
E.
E
E
E
2

as traveling southbound on the right lane of N. Lee Trevino

hen Unit 1 who was traveling southbound on the mandatory left
turn lane of Lee Trevino, made several unsafe lane changes onto
er lane right in front of her. Driver of Unit 2 was unable to
avoid Unit 1 and'was struck by Unit 1. No injuries or
itnesses reported. Unit 1 was impounded for failure to maintain
financial responsibility",5,261,SB,TH,SB,TH,unit 1,side swipe
21-119103,"10900 Pebble Hills is a four lane two way roadway traveling

IEIEE3 CHM-‘G55

 

ea
3
o
‘G
E

CONDITIONS

 

east and'west bound separated.by a curbed.median. Unit #2 was
stopped at a red light in the left turn lane west bound awaiting
a green light so she could turn left south bound onto Lee
Trevino. Unit #1 was traveling west bound on Pebble Hills and
crashed into Unit #2. There were no witnesses located at the
scene. The driver of Unit #2 complained of pain to the neck and
hack. The driver of Unit #1 was given a citation. Both parties
ere advised and issued incident information cards",5,262,WB,TH,WB,TH,unit 1,rear end
21-139055,"3000 Lee Trevino is a six lane two way roadway traveling north
and south bound separated.by a curbed.median. 10800 Pebble
Hills is a four lane two way roadway traveling east and'west

IEIEE3 CHM-‘G55

 

ea
3
o
‘G
E

CONDITIONS

 

hound separated.by a curbed.median. Unit #1 was traveling north
on Lee Trevino in the middle lane, passed a red light and struck
nit #2. Unit #2 was at a red light on Pebble Hills traveling
est bound in the left lane. The light turned green for Unit #2,
nit #2 proceeded through the intersection and struck Unit #1.
There was one witness located at the scene. No injuries were
reported and.both parties were issued an incident information
card. The driver of Unit #1 was given a citation",5,263,NB,TH,WB,TH,unit 1,right angle
21-273179,"The 3100 block of N. Lee Trevino Drive at the 10800 block of
Pebble Hills Boulevard is a two way roadway used for both north

IEIEE3 CHM-‘G55

 

ea
3
o
‘G
E

CONDITIONS

 

and south bound traffic. Unit 3 was headed south bound on N.
Lee Trevino Drive and'was the fourth vehicle in the queue
stopped at a red signal light in the second lane from.the right.
nit 2 was situated and stopped in the adjacent left hand lane

next to Unit 3. Unit 1 was situated directly behind Unit 3,
skidded and swerved to the left to avoid crashing into Unit 3
and crashed into Unit 2. Unit 1 then ""bounced off"" Unit 2,

swerved and crashed into Unit 3. No witnesses were reported and
no on—scene investigation conducted. Drawing is approximate.
ﬂrawing per Driver of Unit 3",5,264,NB,TH,NB,TH,unit 1,side swipe
21043032,"3100 Lee Trevino is an 8 lane roadway, three northbound lanes, three

 

ea
3
o
‘G
E

CONDITIONS

 

southbound lanes with a protected middle median and mandatory left turn
lanes. 10900 Pebble Hills is a five lane roadway with two eastbound
lanes, two westbound lanes divided by a protected middle median with
:-ndatory left turn lanes, as well as a mandatory right turn lane. The
driver of Unit 2 was traveling northbound on 3100 Lee Trevino crossing
the intersection of 10900 Pebble Hills. The driver of Unit 2 advised
officers that as she was traveling northbound, the intersection light

as green giving her the right of way to cross the intersection. .As the
driver of Unit 2 was midway into crossing the intersection the driver of
unit 1 ran the red light causing the collision. Officers spoke to the
driver of Unit 1 and she stated that as she was traveling westbound on
10900 Pebble Hills on the number one lane, the signal light was green.
She continued driving and took her eyes of the road for a split second
as she turned around to talk to her kids. By the time she turned back
around the light had turned red and she was already halfway through the
intersection when she collided with Unit 2. Officers asked both drivers
of Unit 1 and 2 if they were the sole occupants of the vehicles in which
the driver of Unit 2 stated she was the only one in the vehicle. The

E
E
5..
o
o
2
E.
E
E
E
2

driver of Unit 1 stated she had two other occupants in the vehicle with
her. Prior to the arrival of officers EMS ( El Paso Fire Dept.) was
already on scene. The drivers of both vehicles declined medical
services, although they did state that they had minor injuries. The
officers investigation determined the driver of Unit 1 to be at fault

or running the red light. A.witness stayed behind to speak to officers
and provided her account on what she observed. The witness stated that
she was behind the driver of Unit 2, as they were both traveling north
hound on a green light. She mentioned that out of nowhere the driver of

nit 1 came across the intersection causing the collision. No other",5,265,WB,TH,NB,TH,unit 1,right angle
16-022069,"1400 LEE TREVINO IS A NORTH SOUTH BOUND 8 LANE MARKED ROADWAY
IVIDED BY A RAISED MEDIAN. UNIT 2 WAS TRAVELING NORTH ON 1400
LEE TREVINO (LEFT LANE STRAIGHT). UNIT 1 WAS TRAVELING NORTH ON
1400 LEE TREVINO (LEFT LANE STRAIGHT) BEHIND UNIT 2. UNIT 2 WAS
SLOWING DOWN FOR A YWLLOW LIGHT AND CAME TO A STOP FOR A RED
LIGHT. UNIT 1 FAILED TO CONTROL SPEED AND STRUCK INTO 2. UNIT
2 PASSENGER COMPLAINED OF PAIN TO HER MID SECTION YET REFUSED

I I DICAL TRANSPORT. OFFICER OBSERVED THE COLLISION WHILE WAITING
ON A GREEN LIGHT SOUTH ON 1400 LEE TREVINO",6,266,NB,TH,NB,TH,unit 1,rear end
16-036052,"The northbound lanes of 1400 N Lee Trevino, just south or
Pellicano is a three lane marked roadway with two mandatory left
turn lanes. Unit 2 was facing north and stopped at a red light
at the Pellicano intersection. Unit 1 was in the center lane of
Lee Trevino, facing north and stopped at the Pellicano
intersection. Unit 1, which is a city owned Environmental
(garbage) truck, was parked right next to unit 2. While stopped
at the light, truck‘s retractable extended out for no apparent
reason, striking the back left of unit 2. Driver of unit 1
advised officer of a prior known defect in the arm.and it was
confirmed.by Supervisor Michael Hall who was on scene. There

ere no injuries reported and no interdependent witnesses",6,267,NB,TH,NB,TH,unit 1,side swipe
16-072092,"1400 Lee Trevino is an 8 lane 2 way roadway divided.by a
protected.median with 3 lanes traveling northbound and 3 lane
traveling southbound. On the southbound lanes of Lee Trevino
there are 2 mandatory left turn lanes. 0n the northbound lanes
of Lee Trevino , there are 2 left turn lanes for vehicular
travel that turn west into 11200 Pellicano. 11200 Pellicano is
a 5 lane 2 way street divided.by an unprotected turning lane

ith 2 lanes for vehicular travel traveling westbound and 2
lanes for vehicular travel traveling eastbound. Unit 1 was
turning westbound into 11200 Pelican while the traffic light was
red committing a red light violation. Unit 2 was traveling
southbound on the far right lane of 1400 Lee Trevino when Unit 1
struck the left back passenger door of Unit 2. Unit 3 was
traveling southbound on the middle lane of 1400 Lee Trevino
hehind Unit 2 when Unit 2 was struck by Unit 1. Unit 3
attempted to avoid hitting Unit 1 but clipped it on the back
right quadrant. No reported injuries. No reported.witnesses",6,268,WB,TH,SB,TH,unit 1,right angle
16-082101,"11300 PELLICANO IS AN EAST / WEST BOUND 5 LANE MARKED ROADWAY.

IT 1 WAS TRAVELING WEST ON 11300 PELLICANO (EAR LEFT TURN ONLY
LANE). UNIT 2 WAS TRAVELING WEST ON 11300 PELLICANO (EAR LEFT
TURN ONLY LANE) BEHIND UNIT 1. UNIT 1 DRIVER STATED THAT HE
HROVE TOO EAR INTO THE CROSS WALK AND DECIDED TO BACK UP
STRIKING UNIT 2. UNIT 2 STATED THAT SHE HONKED THE CAR HORN.AT

IT 1 TO GET HIS.ATTENTION AND STATED SHE COULD NOT BACK UP.
THE LISTED WITNESS WAS BEHIND BOTH UNITS AND OBSERVED UNIT 1
BACK UP INTO UNIT 2. NO INJURY WAS REPORTED. WITNESS:",6,269,WB,TH,WB,TH,unit 1,backing vehicle
16-112189,"river of unit 2 advised she was driving Northbound on N Lee
Trevino Dr and'was making a left turn onto Pellicano Dr when
nit 1 who was traveling Southbound on N lee Trevino Dr ran the
red light, causing unit 2 to crash into unit 1. Driver of unit 2
advised that the damage to unit 2 was to the front bumper and
the damage to unit 1 was to the left back quarter. Information
as exchanged.by both drivers at the scene. Report is being
filed for insurance purposes.",6,270,SB,TH,NB,LT,unit 1,left turn
16-235081,"11301 PELLICANO IS A.4LN/2WAY (W3 WITH A.MANDATORY LEFT TURN
LANE. UNIT #1, UNIT #2 AND UNIT #3 WERE TRAVELING WEST BOUND ON
THE RIGHT LANE. UNIT #1 DRIVER STATED THAT THE TRAFFIC LIGHT
.AS GREEN, UNIT #1 PULLED FORWARD, THEN SUDDENLY STOPPED. UNIT
#1 DRIVER STATED THAT SHE MDVED FORWARD, BUT WAS NOT ABLE TO
STOP BEFORE COLLIDING WITH UNIT #2. UNIT #1 DRIVER THEN STATED
THAT UNIT #2 STRUCK UNIT #3. UNIT #2 DRIVER STATED THAT SHE WAS
STOPPED WAITING FOR THE TRAFFIC LIGHT, WHEN UNIT #1 STRUCK HER
HICLE FROM BEHIND. UNIT #2 DRIVER STATED THAT COLLISION
CAUSED HER VEHICLE TO COLLIDE WITH UNIT #3. UNIT #3 DRIVER
u,STATED THAT HE WAS STOPPED WAITING FOR THE TRAFFIC LIGHT WHEN HE
HEARD TIRES SCREECHING AND THEN UNIT #2 COLLIDED WITH HIS
HICLE FROM BEHIND. UNIT #1 SUSTAINED FRONT LEFT CORNER BUMPER
HAMAGE, UNIT #2 SUSTAINED REAR AND FRONT BUMPER DAMAGE AND UNIT
#3 SUSTAINED REAR BUMPER DAMAGE. THERE WERE NO INJURIES OR
TNESSES REPORTED.",6,271,WB,TH,WB,TH,unit 1,rear end
16-253064,"1400 Lee Trevino is a six lane north and south bound roadway
divided.by a raised concrete median, with two left turn lanes on
each side. 11200 Pellicano is a four lane east and'west bound
roadway divided.by double yellow lines, with left turn lanes.
wriver of unit # 1 stated she was traveling south bound in the
center lane on the 1400 block of Lee Trevino. Driver of unit # 1
stated that unit # 2 veered into her lane striking her vehicle.
wriver of unit # 2 stated she was traveling south bound in the
left hand lane on the 1400 block of Lee Trevino. Driver of unit
# 2 stated that unit # 1 veered into her lane striking her
ehicle. Officer was unable to determine fault and no witness to
assist.",6,272,SB,TH,SB,TH,unknown,side swipe
16-295233,"1300 N. LEE TREVINO IS A.2-WAY 8-LANE ROADWAY WHICH TRAVELS
IORTH AND SOUTH. 11300 PELICANO IS A.2-WAY 4-LANE ROADWAY WHICH
TRAVELS EAST TO WEST. UNIT-01 WAS TRAVELING NORTH BOUND ON THE
#2 LANE OF THE 1300 BLOCK OF N. LEE TREVINO. UNIT-02 WAS
TRAVELING NORTH BOUND ON THE #1 LANE OF THE 1300 BLOCK OF N. LEE
TREVINO. FOR UNKNOWN REASON BOTH UNITS CAME CLOSE AND SIDE
SWIPED EACH OTHER. NO INJURIES OR INDEPENDANT WITNESS WERE
LOCATED. NO CITATIONS WERE ISSUED AS INVESTIGATOR DID NOT HAVE

* WORKABLE EVIDENCE DIRECTING INVESTIGATOR TO THE PERSON.AT
FAULT",6,273,NB,TH,NB,TH,unknown,side swipe
16-346036,"1400 block of Lee Trevino is a two way six lane roadway
traveling north and south. 11200 Pellicano is a two way four
lane roadway traveling east and'west and intersects with Lee
Trevino. Unit 1 was traveling south bound on Lee Trevino in the
number three lane. Unit 2 was traveling east bound on Pellicano
in the number two lane. Unit 1 disregarded a red light and
struck Unit 2 who was passing through the intersection on a
green light causing damage. There were no witnesses and the
driver of Unit 2 was transported to Del Sol Medical. The driver
of Unit 1 refused SFST's and'was placed under arrest for DWI.
See incident report for details",6,274,SB,TH,EB,TH,unit 1,right angle
16-350101,"1400 LEE TREVINO IS A 6 LANE ROADWAY ‘WITH MANDATORY LEFT AND
RIGHT TURN LANES; 3 LANES FOR SOUTHBOUND TRAFFIC AND 3 LANES FOR
I ORTHBOUND TRAFFIC, DIVIDED BY A RAISED MEDIAN. 11200 PELLICANO
IS A 4 LANE ROADWAY ‘WITH MANDATORY LEFT AND RIGHT TURN LANES, 2
LANES FOR ‘WESTBOUND TRAFFIC AND 2 LANES FOR EASTBOUND TRAFFIC,
I OT DIVIDED BY A RAISED MEDIAN. UNIT-1 WAS TRAVELING SOUTHBOUND
T THE 1400 BLOCK OF LEE TREVINO IN THE MANDATORY RIGHT TURN
LANE. UNIT-2 WAS TRAVELING NORTHBOUND AT THE 1400 BLOCK OF LEE
TREVINO AND MADE A LEFT TURN ONTO THE 11200 BLOCK OF PELLICANO
FROM THE #2 (MANDATORY LEFT TURN LANE) AND HAD A GREEN LIGHT.
IT-1 FAILED TO YIELD THE RIGHT OF WAY AND MADE A RIGHT TURN
ONTO THE 11200 BLOCK OF PELLICANO AND HAD A RED LIGHT; DUE TO
C3 THIS, UNIT-1 STRUCK UNIT-2 CAUSING THE ACCIDENT",6,275,SB,RT,NB,LT,unit 1,left turn
16-355119,"The 1400 block of Lee Trevino is a 2 lane roadway for north
hound travel with 2 mandatory left turn lanes. The driver of
nit 2 was traveling north on Lee Trevino at the red light
intersecting with 11300 Pellicano when unit 1 approached Unit 2
crashing Unit 2 in the rear. The driver of unit 1 then reversed
in order to leave the scene then again crashing into unit 2 in
the rear right end. Unit 1 then fled the scene headed East on
Pellicano. No Injuries reported. No witnesses at the scene",6,276,NB,TH,NB,TH,unit 1,rear end
17-008089,"The 1400 block of Lee Trevino is a 8 lane marked roadway with 5
lanes traveling north bound.with 2 lanes being a left turn only
lanes and 3 lanes traveling southbound divided.by a raised
divider. The 1400 block of Lee Trevino intersects with the 11300
hlock of Pellicano a 5 lane marked roadway with 3 lanes
traveling eastbound and 2 lanes traveling west bound divided.by
a raised divider. Driver of Unit 2 stated that she was stopped
at the 1400 block of Lee Trevino northbound on a red light when
nit 1 collided into Unit 2 from.the rear. Driver of Unit 2
stated that Unit 1 fled the scene. No injuries were reported for
the officers at the scene. Refer to the incident report for
further information on the Motor Vehicle.Accident.",6,277,NB,TH,NB,TH,unit 1,rear end
17-039042,"1401 lee Trevino (n/s) is a 6ln/2way roadway with two mandatory
left turn lane and divided.by an elevated.median. Unit 1 and
nit 2 were traveling southbound on the middle lane. Unit 2
driver stated the traffic light turned yellow and.when she came
to a corrplete stop her vehicle was struck from behind by unit 1.
nit 2 driver stated that unit 1 fled the scene. Unit 2
sustained rear bumper damage. There was no injuries or witnesses
reported",6,278,SB,TH,SB,TH,unit 1,rear end
17-055250,"The 1400 block of Lee Trevino is a two—way road going North and
South it is separated.by a median. Prior to the intersection of
Lee Trevino and Pelicano Unit—2 was stopped at the stop light.
nit—2 was in the 2nd left turn lane getting ready to turn onto
the 11100 block of Pelicano. Unit 1 who was driving behind Unit
-2, was unable to stop and has a result hit Unit—2 on the rear
humper. Unit—1 then fled.from.the scene, traveling north bound
on the 1500 block of Lee Trevino. Unit—2 gave chase. Unit—2
called 911 and'was told to stop the pursuit. Unit—2 parked his
ehicle in the parking lot of the 7-11 convenient store, and
aited for police to arrive. The driver sustained no injuries
from.the collision. The driver was issued an incident case
number card and advised",6,279,NB,TH,NB,TH,unit 1,rear end
17-091003,"The 11200 Block of Pelicano is a two—way roadway with an
nraised.median that has two lanes traveling Westbound and'with
an optional left turn lane and 2 lanes traveling Eastbound.

The Driver of Unit 1 was traveling Westbound on 11200 Block of
Pelicano when he failed to control speed and struck Unit 2 in
the rear. The Driver of Unit 2 said he was at a complete stop
at Pelicano and Lee Trevino behind Unit 3 waiting for the red
light to turn green when he was struck by Unit 1 on the rear.
The Driver of Unit 2 said that the impact moved his vehicle
forward colliding with Unit 3. The Driver of Unit 2 said that
nit 3 then fled the scene Westbound on Pelicano. There were no
independent witnesses nor injuries reported at the scene",6,280,WB,TH,WB,TH,unit 1,rear end
17-095108,"1400 Lee Trevino is a six lane north and south bound roadway,
ith left turn lanes. 1400 Lee Trevino is divided.by a raised
concrete median. Unit # # 3 was traveling north bound in the
left hand lane on the 1400 block of Lee Trevino. Unit # 2 was
traveling north bound in the left hand lane on the 1400 block of
Lee Trevino behind unit # 3. Unit # 1 was traveling north bound
in the left hand lane on the 1400 block of Lee Trevino behind
nit # 2. Driver of unit # 2 stated she and unit # 3 were at a
complete stop at the red light. Unit # 1 was unable to stop in
time and struck unit # 2, pushing it forward causing it to
strike unit # 3. Driver of Unit # 2 stated that both units # 1
and # 3 fled the scene",6,281,NB,TH,NB,TH,unit 1,rear end
17-118255,"11200 Pellicano Drive is a five lane roadway for eastbound and
estbound vehicular travel. 1400 N. Lee Trevino is a five lane
roadway for southbound and northbound vehicular travel. Driver
of Unit—2 stated that he was traveling Westbound on the far
right lane on 11200 Pellicano Drive and had a green light.
wriver of Unit—2 stated that has he was traveling westbound when
driver of Unit—1 was traveling southbound on lane—5 and failed
to stop at the red light on 1400 N. Lee Trevino and subsequently
collided with his vehicle. For unknown reasons, Unit—1 fled the
scene and continued to drive southbound on Lee Trevino. Driver
of Unit—2 only described Unit—1 as a blue vehicle. No injuries
or witnesses were reported",6,282,SB,TH,WB,TH,unit 1,right angle
17-200226,"The 1400 block of Lee Trevino is a three lane road going North
hound and three lanes going south bound.which intersects with
11200 Pellicano. Unit 2 was stopped at a red light on Lee
Trevino going South bound. Unit 1 failed to control its speed
and rear ended Unit two. Unit 1 fled the scene. No witnesses or

injuries were reported at the scene",6,283,SB,TH,SB,TH,unit 1,rear end
17-202168,"1400 Lee Trevino is a northbound / southbound 8 lane roadway,
4 northbound lanes / 4 southbound lanes that are divided.by a
raised.median. The 1400 block of Lee Trevino intersects with the
11200 block of Pellicano, and it is a controlled intersection by
traffic control signals. Driver of Unit 2 stated she was
traveling northbound on the right lane when Unit 2 struck Unit
1. Driver of Unit 1 stated she was traveling southbound on Lee
Trevino making a left turn (FTYRUW / left turn) onto the
eastbound lanes of Pellicano when Unit 2 struck Unit 1. No
injuries or witnesses were reported",6,284,SB,LT,NB,TH,unit 1,left turn