case_id,description,Intersection_num,case_no.,unit_1_direction,unit_1_movement,unit_2_direction,unit_2_movement,unit_at_fault,crash_type
17-227133,"river of Unit 2 contacted the Telephone Reporting Unit to
document the following incident: Driver of Unit 2 was traveling
northbound on Lee Trevino Drive in the middle lane of a three
lane roadway and came to a stop intersecting with Pellicano
ﬂrive. Driver of Unit 1 was also traveling in the same
-nner, but failed to stop and crashed into the rear end.bumper

for Unit 2. No on scene investigation was conducted and no
injuries were incurred.by either driver. Information was
exchanged. by both parties. Report is being filed for insurance
purposes",6,285,NB,TH,NB,TH,unit 1,rear end
17-240229,"The 11300 Block of Pellicano is four lane road way divided.by a
double solid yellow line which travels East/West, protected.by a
traffic control light, with two eastbound and two westbound lane
and a mandatory left turn lane with an optional left turn lane
on the westbound lane. The 1400 block of Lee Trevino is a three
lane roadway with two mandatory left turn lanes and optional
right turn lane, divided.by a protective median at the
intersection of Pellicano, protected.by a traffic control light
hich travels North/South. Unit #2 was traveling westbound on
Pellicano in the far right lane when the driver proceeded to
cross the intersection of Lee Trevino on a green light and.was
struck on the left rear quarter panel by Unit #1s front end.

nit #1 was traveling northbound on Lee Trevino in the far right
lane and.proceeded through the intersection of Pellicano on a
solid red light and collided with its front end on the left rear
quarter panel of Unit #2 resulting in the listed damage. One
itness at the scene and no injuries reported_Witness",6,286,NB,TH,WB,TH,unit 1,right angle
17-298042,"11300 Pellicano is a four lane roadway with two lanes traveling
east and two lanes traveling west separated.by a left turn lane.
nit #2 was traveling west in and got into the right turn lane
at Lee Trevino to go north on Lee Trevino. Unit #1 was directly
hehind unit 2. Unit #2 stopped to yield for a pedestrian in the
crosswalk. Unit #1 was did not realize that unit #2 stopped and
crashed into the rear of unit #2. There were no reported

injuries or witnesses at the scene",6,287,WB,RT,WB,RT,unit 1,rear end
18-184184,"1300 Lee Trevino is an eight
—lane roadway that has three lanes traveling north and five
lanes traveling south. The two far left lanes traveling south
are mandatory left turn lanes to proceed east at 11300 Rojas.
nit 2 was stationary at 1300 Lee Trevino (facing south) on the
far left lane waiting for the light to turn green. Unit 1 was
traveling westbound on the far right lane of 11300 Rojas
approaching the intersection at 1300 Lee Trevino. As Unit 1
arrived at the intersection he attempted to turn right (North)
on Lee Trevino. Unit 1 was traveling too fast and could not
complete the turn. Unit 1 continued west and drove over the
I -dian and crashed into Unit 1, who was stationary in the
opposite lanes",6,288,WB,RT,SB,TH,unit 1,right angle
18-242135,"1400 Lee Trevino is a 5 lane roadway traveling southbound with 5

 

ea
3
o
‘G
E

CONDITIONS

 

lanes, 3 southbound and 2 mandatory left turn lanes. U—1 was
stopped for red light on the #2 lane of 1400 Lee Trevino
-ndatory left turn lane. U—2 was traveling southbound on 1400
Lee Trevino on the #3 southbound lane. Driver of U—1 attempted
to merge right onto the #3 southbound lanes. Driver of U—1
changes lanes when unsafe and'was struck by U—2*s front left to
—1‘s right rear. Driver of U—2 stated that the light was green
as they were getting to the intersection. Driver of U—2 stated
that U—1 merged onto the #3 lane and came to a sudden stop.
wriver of U—1 stated that he merged onto the #3 lane and came to
a stop as the light had just turned yellow. No independent
itnesses, no injuries reported",6,289,SB,TH,SB,TH,unit 1,rear end
18-288187,"Lee Trevino Drive & Pellicano Drive is a four way

IEIEE3 CHM-‘G55

 

ea
3
o
‘G
E

CONDITIONS

 

intersectionUnit 2 was traveling southbound on N Lee Trevino
wrive in the right lane of a three lane roadway. Unit 1 was
also traveling in a similar manner, but behind Unit 2. Driver
of Unit 2 indicated that he came to a stop intersecting with N.
Lee Trevino. No on scene investigation was conducted.
Information was exchanged.by the drivers. Passenger for Unit 2
is now complaining of back, neck and headaches after being taken
to the hospital. Report being filed for insurance purposes",6,290,SB,TH,SB,TH,unit 1,rear end
18-336096,"1400 Lee Trevino has six lanes with three Northbound and three
Southbound and intersects with 11200 Pellicano. U#3 and u#4
ere Southbound and'were already stopped in the left turn lanes

IZIEE3 CHM-‘G55
Z

 

ea
3
o
‘G
E

CONDITIONS

 

hen the accident occurred. There are two left turn lanes at
the intersection with Pellicano. U#3 was in the (right) left
turn lane and u#4 was in the far left turn lane. U#2 stated
that he was Southbound in the left lane when u#1 who was
Iorthbound on Lee Trevino made a left turn in front of him.and
in doing so u#2 stated that he was not able to stop and struck
the back of u#1. U#2 stated that he lost control and continued
South on Lee Trevino and somehow struck u#3 who was pushed into
#4. U#2 ended.up stopped in the center through lane facing
Iorth. The witness (Ernesto Avila PH: 503 656 422 5450 /
Iexico) stated that he was outside standing near the street and
observed u#1 making a left turn and then heard a loud crash and
seen that u#1 and u#2 had collided. The witness stated that he
did not actually observe the impact and did not see the
direction where u#2 had.come from, U#1 stated that he was North
on Lee Trevino and'wanted to turn left onto Lee Trevino and as

E
E
5..
o
o
2
E.
E
E
E
2

e was at the open turn around, he did observe u#2 approaching
hut believed that he had time to make his turn and in doing so

as struck by u#2. U#1 also stated that it appeared that u#2

as speeding. There were no other witnesses regarding this
accident. The officer spoke with the business (Sprint) in front
of the accident and the employee stated that he heard the crash
hut did not see it happen",6,291,NB,LT,SB,TH,unit 1,right angle
19-073104,"The driver of unit 1 was north on 1400 Lee Trevino when
e failed to control his speed and collided with unit 2 who was
directly behind unit 3 which was waiting in traffic for a green
signal. Unit 2 and 3 were also north on 1400 N Lee Trevino. Unit
1 collided with unit 2 pushing it forward causing it to collide
ith unit 3, and causing the damage. The driver of unit 1
claimed no injuries. The driver of unit 2 claimed no injuries.
The passenger of unit 2 claimed neck pain at the time of the
collision but declined.medical attention. The driver of unit 3
claimed no injuries at the time of the incident but mentioned
they had a headache and declined.medical attention. No witnesses
came forward at the scene",6,292,NB,TH,NB,TH,unit 1,rear end
19-127170,"The 1400 block of N Lee Trevino Dr is a local road that travels
north to south and consists of 3 lanes traveling south, 3 lanes

IEIEE3 CHM-‘G55

 

ea
3
o
D
E

CONDITIONS

 

traveling north, and 2 designated left turn lanes in each
direction. U2 was on the far right lane of N Lee Trevino Dr
eading south and attempting to make a right turn onto Pellicano
Hr. U1 was traveling north on the second to left lane of N Lee
Trevino Dr, attempting to make a left turn onto Pellicano Dr. U2
proceeded forward and.made a right turn onto Pellicano Dr. U1
failed to stop and crashed into U2 causing damages to the left
driver door and rear quarter panel of U2. No on site
investigation conducted. U2 was assigned a case number. Diagram
is approximate",6,293,NB,LT,SB,RT,unit 1,left turn
19-133084,"The 11200 block of Pellicano is a 4 lane with a mandatory left
turn lane, merked divided, two way, East—West roadway. Unit 1

IEIEE3 CHM-‘G55

 

ea
3
o
‘G
E

CONDITIONS

 

and 2 where in the number 2 middle lane traveling East on
Pellicano. Unit 2 was stationary, on the brakes, due to a red
light. Unit 1 was traveling behind Unit 2. Unit 1 failed to stop
completely and rear ended Unit 2 causing the listed damege. Unit
1's failure to control speed caused the collision with Unit 2.
lo witnesses were reported and.passenger in Unit 2 was
transported to the Hospital by medical services",6,294,EB,TH,EB,TH,unit 1,rear end
19-156143,"THE 1400 BLOCK OF LEE TREVINO IS A SIX LANE ROADWAY THAT TRAVELS
I ORTH AND SOUTH BOUND WITH TWO MANDATORY LEFT TURN LANES HAVING
* RAISED MEDIAN. THE 11300 BLOCK OF PELLICANO IS A FIVE LANE
ROADWAY THAT TRAVELS EAST AND WEST BOUND WITH ONE MANDATORY LEFT
TURN LANE AND ONE LANE WHICH TURNS LEFT AND PROCEEDS FORWARD
IVIDED BY TWO YELLOW LINES. UNIT ONE DRIVER WAS ON PELLICANO IN
THE MANDATORY LEFT TURN LANE MAKE A LEFT TURN ONTO LEE TREVINO.

IT ONE DRIVER STATED THAT WHEN MAKING THE LEFT TURN UNIT TWO
COLLIDED INTO HER VEHICLE WHO WAS TO THE RIGHT OF HER. UNIT TWO
g RIVER WAS ON PELLICANO IN THE RIGHT LANE WHICH IS A LEFT TURN
LANE THAT ALSO PROCEEDS FORWARD ON PELLICANO. UNIT TWO DRIVER

EN MAKING THE LEFT TURN LANE ONTO LEE TREVINO STATED THAT UNIT
ONE MOVED INTO HIS LANE AND COLLIDED INTO HIS VEHICLE.NO
INJURIES WERE REPORTED AND NO WITNESSES AT THE SCENE",6,295,WB,LT,WB,LT,unit 1,side swipe
19-186196,"1400 block of Lee Trevino Dr. is a two—way divided roadway with

IEIEE3 CHM-‘G55

 

ea
3
o
‘G
E

CONDITIONS

 

two lanes for northbound traffic, three lanes for southbound
traffic, two mandatory left turning lanes on both directions,
and one mandatory right turning lane onto 11300 Pellicano Dr.
for the northbound traffic. Unit 3 was at a complete stop on the
fourth lane of 1400 Lee Trevino (northbound) as Unit 2 was on
the right turning lane behind'Witness #1 on 1400 Lee Trevino as
ell, waiting for the green light when Unit 1 failed to control
speed and hit Unit 2, then Unit 3. Due to the impact the Witness
#1 attempted to mpve his mptorcycle, but when unable to do so it
fell to the ground instead. No injuries were reported",6,296,NB,TH,NB,TH,unit 1,side swipe
19-189200,"1400 N LEE TREVINO is a 2 way north/ south roadway divided by a
raised median. 11200 PELLICANO is a 2 way east/west roadway

IEIEE3 CHM-‘G55

 

ea
3
o
‘G
E

CONDITIONS

 

divided.by a center turn lane. Unit 2 was south bound on Lee
Trevino and stopped at the red traffic light at Pellicano and
then was rear ended.by Unit 1. No injuries or witnesses
reported. Report taken at the PHRC COLLISION REPORTING CENTER",6,297,SB,TH,SB,TH,unit 1,rear end
19-190271,"11300 Pelicano is a 5 lane, 2 way roadway with 2
estbound lanes, 1 mandatory left turn lane and 2 eastbound lanes
divided by a 2 yellow lines. Unit #2 was in lane #2 and Unit #3 was
in lane #3 stepped at the red signal light at 11300 Pelicano facing
estbound. When the signal light turned green Unit #2 and Unit #3 began
to travel westbound on 11300 Pelicano crossing the intersection between
11300 Pelicano and 1400 Lee Trevino. Unit #1 disregarded the red signal
light while traveling northbound on 1400 Lee Trevino in lane #2
colliding into the left side of Unit #2 and causing Unit #2 to collide
ith Unit #3. The driver of Unit #2 (Mr. Farias) was transported to
niversity Medical Center due to pain to both of his legs and head pain.
Passenger of Unit #2 (Mr. Farias) was transported to University Medical
Center due to blood on his lip and unknown further injuries to the
child. Passenger of Unit #2 (ms. Huerta) was transported to University
Iedical Center due to neck, head and back pain. The Driver of Unit #1
(Mr. Villegas) was transported to Del Sol Medical Center due to chest
and knee pain. Mr. Villegas stated to the Officers that he thought the
light was yellow but was not sure. It is Officer R. Cortes's

E
E
5..
c
an
2
E.
E
E
E
2

investigative opinion that based off of the above listed information
that Unit #1 disregarded the red signal light causing the collision. Mr.
illegas was cited for the same",6,298,NB,TH,WB,TH,unit 1,right angle
19-255146,"The 11300 block of Pellicano Dr is a 5—lane, 2-way street
divided.by a median. The 1400 block of N Lee Trevino Dr is a 6
—lane street divided.by a median. Unit 2 was traveling WE in

IEIEE3 CHM-‘G55

 

ea
3
o
‘G
E

CONDITIONS

 

the far left lane of Pellicano Dr. Unit 1 was traveling WE in
the 2nd land.from.the left. Both vehicles made a left turn onto

I Lee Trevino Dr SE and collided",6,299,WB,LT,WB,LT,unit 1,side swipe
20-027118,"Driver of Unit 2 advised that she

as stopped on the right mandatory left turn lane facing south
aiting for the lights to cycle to make a left turn onto
Pellicano. Driver of Unit 2 advised that at as the light cycled
green, she just recalls being pushed into the center median
damaging the front left corner of Unit 2. Driver of Unit 1
advised that she was traveling south bound on Lee Trevino in the
far left hand lane. Driver of Unit 1 further advised that Unit
2 was also traveling south bound in the center lane of Lee
Trevino. Driver of Unit 1 advised that Unit 2 made an unsafe

hich caused Unit 1 to veer into the center median, damaging the
left front quarter of Unit 2. Driver of Unit 2 complained of
right leg pain but refused further medical attention at the

Lu
E
E
or:
§
2!

scene. No reported'witnesses. Officer also didnit locate
debris on the roadway where the collision occurred",6,300,SB,TH,SB,TH,unknown,rear end
20-122084,"1400 BLOCK OF LEE TREVINO IS AN EIGHT LANE ROADWAY TRAVELS
IORTH/SOUTH BOUND WITH TWO MANDATORY LEFT TURN LANES WHEN
TRAVELING NORTH BOUND. UNIT 2 WAS STOPPED IN THE INSIDE LANE
FACING NORTH BOUND WAITING FOR A RED LIGHT. UNIT 1 WAS BEHIND

IT 2. UNIT 1 STRUCK UNIT 2 AND UNIT 1 FLED THE SCENE. UNIT 2
""RIVER ADVISED SHE FOLLOWED UNIT 1 AND OBTAIN UNIT 1 VEHICLE
LICENSE PLATES. UNIT 2 DRIVER ADVISED UNIT 1 FLED THE SCENE. NO

TNESS AND NO INJURIES REPORTED.OFFICER SUPPLEMENTED THIS
REPORT ON 06-04-2020.AT 1608 HOURS TO PROVIDE UNIT 1 LICENSE
PLATE INFORMATION.AS TEXAS CHM9971 (WHITE JEEP) DRIVEN BY.A
FEMALE 20-30 YOA",6,301,NB,TH,NB,TH,unit 1,rear end
20-157163,"The 1400 block of Lee Trevino where the accident occurred is two

IEIEE3 CHM-‘G55

 

ea
3
o
‘G
E

CONDITIONS

 

ay, eight lane roadway with three lanes traveling North bound,
three lanes traveling South bound and two lanes for left turns
divided.by a raised.median. The Operator of Unit #2 advised
that he was traveling North bound on Lee Trevino in the number
two lane and'was stopped in traffic for the Red light. The
Operator of Unit #2 further advised that Unit #1 was also
traveling North bound in the number two lane and failed to stop
in time to avoid the collision, casing the listed damage. The
Operator of Unit #1 advised that he was also traveling North
hound on Lee Trevino in the Number two lane and failed to
control his speed and collided with Unit #2, causing the listed
damage. A.passenger from.Unit #2 was transported to Del Sol
Iedical Center by EMS (R24), complaining of neck pain. There
ere no independent witnesses. Although the Operator of Unit #1
admitted fault, the Officer did not issue a citation due to a
Police emergency call that happened as the Officer was

c

E
E
5..
o
o
2
E.
E
E
E
2

ompleting his investigation",6,302,NB,TH,NB,TH,unit 1,rear end
20-180068,"The area of 1400 Lee Trevino where the accident occurred is a

IEIEE3 CHM-‘G55

 

ea
3
o
‘G
E

CONDITIONS

 

eight lane roadway with three lanes traveling North bound, three
lanes traveling South bound and two lanes for left turns divided
hy a raised.median. The Operator of Unit #2 advised that he was
traveling South bound on Lee Trevino in the number two lane and
as stopped due to the traffic light. The Operator of Unit #2
advised that Unit #1, also traveling South bound on Lee Trevino
in the number two lane, failed to control it‘s speed, colliding
ith Unit #2, causing the listed damage. The Operator of Unit
#2 advised that Unit #1 then backed up and fled the scene
through an adjacent parking lot and.was last seen heading west
on Pellicano. An independent witness, Carlos Rodriguez (915—888
-7758) advised that he was also traveling South bound on Lee
Trevino and.was stopped in the number three lane slightly behind
nit #2 and.observed Unit #1 approach at a high rate of speed,
collide with Unit #2 and then fled the scene. There were no
reported injuries",6,303,SB,TH,SB,TH,unit 1,rear end
20-288148,"The 1400 block of N Lee Trevino intersects with Pellicano 11200
hlock. Unit 2 was Northbound, in the last right lane next to the

IEIEE3 CHM-‘G55

 

ea
3
o
‘G
E

CONDITIONS

 

turn lane, waiting for the light to turn, when Unit 1 stated
that he was trying to move into the right turning lane and was
out off by another vehicle and collided with the rear tailgate
of Unit 2. No witnesses or injuries were reported. No on scene
investigation was conducted. Diagram.is approximate and.as per
nit 2. Unit 2 was given the case number",6,304,NB,TH,NB,TH,unit 1,rear end
20-293055,"The 1400 block of N Lee Trevino Dr is a local road that travels
north to south and consists of 3 lanes traveling south and 3

IEIEE3 CHM-‘G55

 

ea
3
o
‘G
E

CONDITIONS

 

lanes traveling north. U2 was traveling south on the far right
lane of N Lee Trevino Dr. U1 was also traveling south on the
:'ddle lane of N Lee Trevino Dr. U1 veered into U2‘s lane and
failed to see U2. U1 crashed into U2 causing damages to the rear
left door, quarter panel, and corner of U2,. No onsite
investigation conducted. U2 was assigned a case number. Diagram
is approximate",6,305,SB,TH,SB,TH,unit 1,side swipe
20-295124,"1400 Lee Trevino runs north and south and is a two way six lane

IEIEE3 CHM-‘G55

 

ea
3
o
‘G
E

CONDITIONS

 

roadway divided.by a raised.median with two mandatory left turn
lanes which intersects with 11300 Pellicano. Unit #2 was
traveling north on Lee Trevino in the center lane and'was
slowing down and then came to a complete stop due to a red
traffic control signal light at the intersection of Pellicano.
nit #1 was also traveling north on Lee Trevino in the center
lane but failed to control speed at which point it struck Unit
#2 frcntbehind. No injuries or witnesses were reported at the
scene",6,306,NB,TH,NB,TH,unit 1,rear end
20-339203,"The 1400 block of Lee Trevino is a five lane roadway with three

 

ea
3
o
‘G
E

CONDITIONS

 

lanes for North bound traffic and two mandatory turning lanes
only. The 11300 block of Pellicano is three lane roadway for
East bound traffic. Unit 1 was traveling Northbound in the
center lane on Lee Trevino. Unit 2 was traveling Eastbound on
Pellicano. Unit 2 had the green the green light and entered the
intersection when Unit 1 subsequently collided into unit 2. The
driver of unit 2 was transported to Del Sol Medical",6,307,NB,TH,EB,TH,unit 1,right angle
21-035062,"The 11200 block of Pellicano Dr. and the 1400 block of Lee
Trevino Dr. are both local roads that run east to west and north

IEIEE3 CHM-‘G55

 

ea
3
o
‘G
E

CONDITIONS

 

to south respectively. Both Unit 1 and Unit 2 were traveling
estbound on Pellicano Dr.. Unit 2 was in the far right lane
and Unit 1 was in the middle lane. Unit 2 explained that as
they crossed the intersection Unit 1 veered into his lane to
turn into the the T—Mobile plaza and Unit 2 did not turn right
as Unit 1 thought he was going to do. Unit 2 continued straight
and'was hit by Unit 1 causing damage to the driver side front
quarter panel. No onsite investigation conducted. Diagram.is
approximate",6,308,WB,TH,WB,TH,unit 1,side swipe
21-043768,"1400 Lee Trevino is a 2 way divided road consisting of 6 marked

IEIEE3 CHM-‘G55

 

ea
3
o
‘G
E

CONDITIONS

 

lanes, 3 northbound lanes and 3 southbound lanes with both
northbound and southbound containing 2 mandatory left turning
lanes. Unit 2 was at a complete stop southbound on lane 2
(turning lane). Unit 1 was traveling southbound on lane 2
(turning lane). The driver of Unit 2 stated that she was at a
complete stop due to the traffic light being red. The driver of
nit 2 stated that Unit 1 then collided with the rear end of her
ehicle. The driver of Unit 1 stated that her vehicleis brakes
ere not working properly at which point she was not able to
stop in time causing her vehicle to collide with the rear end of
nit 2. There were no reported independent witnesses. The driver
of Unit 2 and.passengers reported head and.back pain. All
parties were transported to Del Sol Medical Center by Fire
Iedical Services. The driver of Unit 1 and.passenger did not

report any injuries. The driver of Unit 1 was cited accordingly",6,309,SB,TH,SB,TH,unit 1,rear end
21-085242,"The 1400 block of Lee Trevino is an eight lane road way that has

 

ea
3
o
‘G
E

CONDITIONS

five lanes traveling south and three lanes traveling north with
two lanes traveling south being mandatory left turn lanes. the
1400 block of Lee Trevino also intersects with the 11200 block
of Pellicano is a five lane road'way that has two lanes
traveling west and three lanes traveling east with one lane
heing a mandatory left turn lane. Unit 1 stated that she had
keen traveling south on the number one lane directly behind Unit
2 in 1400 Lee Trevino. The Unit 1 stated that as she was driving
she had looked down at her phone to check for directions. Unit 1
u,then stated that after briefly looking at her phone she looked
‘thack up and.observed traffic stopped, Unit 1 stated that she
cytried to stop but was unable to stop in time subsequently rear
q:ending Unit 2. Unit 2 stated that he had stopped due to a red
light and'was about to make a left turn on go onto 11200

-e; Pellicano East but was rear ended by Unit 1. Both parties were

N

E issued incident information cards and Unit 1 was cited
accordingly. No Witnesses were reported on scene",6,310,SB,TH,SB,TH,unit 1,rear end
21-148156,"1400 Lee Trevino is a two way roadway that travels north and

IEIEE3 CHM-‘G55

 

ea
3
o
‘G
E

CONDITIONS

 

south bound.with three lanes and two mandatory left turn lanes
on the north bound side. One the south bound side there are
three lanes. 11300 Pellicano is a two way roadway that travels
east and westbound. There are three lanes on the westbound side
ith one lane being a mandatory left turn lane, and a another
lane being an option lane to turn left or go straight.Unit 2 was
traveling west on 11300 Pellicano in the number two lane to make
a left turn to go south on 1400 Lee Trevino. Unit 1 was
traveling north on 1400 Lee Trevino in the number one lane. Unit
1 failed to stop at the red light and struck into unit 2 as it
as completing a left turn. There were no witnesses and no
injuries. Unit 1 driver advised that she applied her brakes when
she saw the red light however she was not able to stop in time
hefore colliding into unit 2. Unit 1 driver was issued a

ATWE AND DH-‘I GRAM

citation, the drivers of both units were issued an incident

E
2:

information card.with a case number and advised on follow up
procedures",6,311,NB,TH,WB,LT,unit 1,left turn
21-156130,"The 1400 block of Lee Trevino is a. seven lane road wat that has

 

ea
3
o
‘G
E

CONDITIONS

 

three lanes traveling north and four lanes traveling south with
two lanes being designated left turn lane. This street also
intersects with the 11300 block of Pelicano which is a four lane
road'way that has two lanes traveling east and two lanes
traveling west.Unit 1 stated that he was traveling on the number
four lane north on the 1400 block of Lee Trevino and had run a
red light and struck the Unit 2 who was traveling on the number
one lane west. Unit 2 stated that he was traveling on the number
one and was about to pass the intersecting streets on a green
light when he was struck by the Unit 1. Unit 1 was cited
accordingly and the Passenger of Unit 2 was taken to the

ospital due to her stating that her back and neck hurt. No
itnesses were reported on scene",6,312,NB,TH,WB,TH,unit 1,right angle
21-189166,"1400 N. Lee Trevino is a northbound/southbound 10 lane roadway,

 

ea
3
o
‘G
E

CONDITIONS

 

3 northbound lanes with 2 mandatory left turn lanes/3 southbound
lanes with 2 mandatory left turn lanes, that is divided.by a
raised.median. 11200 Pellicano is an eastbound/westbound 6
lane roadway, 2 eastbound lanes with 1 mandatory left turn
lane/2 westbound lanes with 1 mandatory left turn lane, that is
divided.by 2 solid yellow lines. The aforementioned
intersection is controlled.by signal lights. Officer met with
hoth drivers who stated the following: Driver of Unit 1: He
as traveling northbound on the center lane of N. Lee Trevino
and thought Unit 2 was going to turn left onto Pellicano from
the left northbound lane so he made the lane change onto the
left lane, striking Unit 2. Driver of Unit 2: He was
traveling northbound on the left lane of N. Lee Trevino, inside
the intersection when Unit 1 made an unsafe lane change from.the
center lane to the left lane, striking his vehicle. Witness
-1 (Seybold, Evelyn; phone:915—920—9226) and.Witness—2 (Duron,
Iorma; phone:915—34—7786) stated they were traveling in same

5
E
5..
o
o
2
E.
E
E
E
2

ehicle on the northbound left lane of N. Lee Trevino behind
nit 2 when they observed the signal light for northbound Lee
Trevino turn green. Unit 2 proceeded northbound and entered the
intersection when Unit 1 who was traveling northbound on the
center lane. Unit 1 made an unsafe lane change onto the left
lane and struck Unit 2. Unit 1 tried to flee, but the Witnesses
Iept up to him.until he pulled over at Lee Trevino and La
Quinta. No injuries or other witnesses reported",6,313,NB,LT,NB,LT,unit 1,side swipe
21-195195,"The accident occurred on the north bound
lanes of traffic on Lee Trevino in the 1 lane..A the intersection of Lee
Trevino and Pellicano there are 2 dedicated lanes to turn eff of Lee
Trevino to make a left and go west bound on Pellicano. The driver of

nit 2 advised that he was at a stop due to the traffic lights. He was
in the 1 lane and that he saw in his rear view window a black car who

as fast approaching. The driver stated that he saw Unit 1 come up to
ast and did not stop in time and that unit 1 tried to swerve to the
left into the turn lane but ended up colliding with the back left of his
ehicle. The driver of unit 2 stated that he then reversed to get behind

DIA GRAM

unit 1 in the turn lane and got out of his vehicle and went up to the

D

driver who stated that he was going to get off the roadway. The driver

AN
o
I-n
c
:=
|-'
rr
M
3
e:
|-'
U!
m
:1
rr
o“
in
rr
ru-
:=*
m
|-'
e:
m
H
o
|'h
c
:=
|-'
rr
I-=
3
as
U!
-r.:
m
H
H
U!
:=*
o
H
rr
ea
5
:1
o.
|-'
o.
:=
o
rr

even want to exchange information nor did he ask if he was ok. Driver of
unit 2 advised that he thought the driver was going to run so he called
or 911 assistance. The driver further stated that when they finally

NA RRA TH/E

came to a stop in a private lot that there were some passengers in the
ehicle that left the scene prior to officers arrival. The driver of
unit 2 stated that the driver of unit 1 did not want to give him.any
information and was very slow to reaction. Officers arrived and met with
hoth drivers. Officers spoke with the Driver of unit 1 who advised that
he was coming from.a friends house. The driver was unable to advised the
officer of how the accident happened. Officer conducted a Field sobriety
test due to the driver being very slow and not recalling the accident.
The driver did not exhibit any signs of being under the influence. The
driver of unit 1 also did not know who was in the car",6,314,NB,TH,NB,TH,unit 1,rear end
21-207053,"The 1400 block of Pellicano Dr is a 4—lane, 2-way street with a

IEIEE3 CHM-‘G55

 

ea
3
o
‘G
E

CONDITIONS

 

dedicated left turn lane. Unit 2 was traveling eastbound in the
left lane. Unit 1 was in the right lane. Unit 1 moved into the
left lane and struck Unit 2. There are no witnesses to report",6,315,EB,TH,EB,TH,unit 1,side swipe
21-214020,"11200 Pellicano is a
four lane roadway that travels west and east bound. Unit 1 was
traveling south bound on the number two lane on Lee Trevino.

nit 2 was traveling west bound in the number one lane. Unit 1
disregarding the red light proceeded through the intersection
colliding with unit 2. Unit 2 driver was taken to Del Sol for
further medical evaluation reference possible minor injuries. No
itnesses were reported at the scene. Both vehicles were removed
off the roadway and impounded",6,316,SB,TH,WB,TH,unit 1,right angle
16-076066,"river of U—1 called the Telephone Reporting Unit to report a
crash on the listed date and time. Driver of U—1 stated that he
as on N. Lee Trevino Dr. headed north and on the 2nd lane to

- e a left turn onto Rojas Dr. and Driver of U—2 was directly
in front of U—1. Driver of U—1 stated that he became distracted
in his vehicle and released the brake and rear ended U—2. Driver
of U—1 stated that there were no injuries to report. Driver of U
-1 was given a report number. Diagram.is approximate.",7,317,NB,TH,NB,TH,unit 1,rear end
16-082172,"RIVER OF UNIT 2 STATED HE WAS DRIVING NB AND AT 1330 N LEE
TREVINO, DRIVER 2 WAS GOING TO MAKE A RIGHT TURN ONTO ROJAS DR.
RIVER 2 STATED THAT DRIVER OF UNIT 1 WAS BEHIND UNIT 2, BUT
RIVER 1 SPED UP AND MOVED IN FRONT OF UNIT 2. NO INJURIES WERE
REPORTED, NO ON SCENE INVESTIGATION , DIAGRAM IS APPROXIMATE.",7,318,NB,TH,NB,TH,unit 1,unknown