case_id,description,Intersection_num,case_no.,unit_1_direction,unit_1_movement,unit_2_direction,unit_2_movement,unit_at_fault,crash_type
16-083129,"river of U—2 called the Telephone Reporting Unit to report a
crash on the listed date and time. Driver of U—2 stated that he
as on N. Lee Trevino Dr. headed north and on the right lane and
""river of U—1 was on Rojas Dr. headed'west on the right lane to
I- e a right turn onto N. Lee Trevino Dr. Driver of U—2 stated
that as he was crossing the intersection of N. Lee Trevino Dr.
and Rojas Dr. he noticed that Driver of U—1 was going to make
the right turn onto N. Lee Trevino Dr. and honked, but Driver of
-1 kept making the right turn and crashed into U—2. Driver of U
-2 stated that there were no injuries to report. Driver of U—2
as given a report number.Diagram.is approximate.
================================SUPPLEMENT NARRATIVE:
04/22/2016 @ 15:47Driver of U—1 called the Telephone Reporting
nit to supplement the crash report on the listed date and time.
ﬂriver of U—1 stated that she was not making a right turn and
that she was N. Lee Trevino Dr. on the right lane and driver of
-1 stated that she saw Driver of U—2 to the left of her and had
not realized'when he had arrived. Driver of U—1 stated that when
she looked to her left Driver of U—2 waved and that they
acknowledged each other but Driver of U—2 went into the right

5
E
5..
o
o
2
E.
E
E
E
2

lane, crashing into U—1. Driver of U—1 stated that Driver of U—2
ent into her lane and crashed into front left quater panel and
causing damages to U—2 rear right quater panel.",7,319,WB,RT,NB,TH,unit 1,rear end
16-090201,"1300 Lee Trevino is a 6 lane two way roadway that travels North
and South and is divided.by a raised.median. Unit—2 was
traveling South on the 1300 block of Lee Trevino. Unit—1 was
stopped facing Northbound attempting to make a U—turn and travel
South. Unit—1 pulled out into traffic in the path of Unit—2.
nit—2 had to break abruptly to avoid striking Unit—1. Unit—1
and Unit—2 began to travel South on 1300 Lee Trevino next to one
another. Unit—1 and Unit—2 began to exchange visual gestures
towards one another. Unit—1 and Unit—2 were both stopped in
traffic with Unit—1 to the right of Unit—2. .According to the
itnesses, Unit—1 accelerated into the path of Unit—2 in an
attempt to ""cut him.off"". In doing so Unit—1 struck Unit—2,
nit—2 swerved to the left and drove onto the curb causing the
listed damage. No injuries were reported. Both parties were
issued incident information cards and advised on follow up
procedures.Witness—01",7,320,SB,TH,SB,TH,unit 1,side swipe
16-132102,"river of unit 2 contacted the Telephone Reporting Unit to
advise of the following accident. Driver of unit 2 advised that
she was stopped at a red light on N Lee Trevino Dr NE on the
left lane,near intersecting Rojas Dr, when unit 1 crashed into
nit 2 fronibehind. Driver of unit 2 advised that the damage to
nit 2 was to the rear bumper and the damage to unit 1 was to
the front bumper. Information was exchanged.by both drivers at
the scene. Report is being filed for insurance purposes.",7,321,NB,TH,NB,TH,unit 1,rear end
16-188229,"11200 Rojas is a four lane, two way roadway traveling East and
est, divided.by a solid yellow line and a mandatory left
turning lane. 1300 Lee Trevino is a six lane, two way roadway
traveling North and South, divided.by a raised center median and
two left turning lanes. Unit 1 was traveling West bound on Rojas
in the left turning lane, in the process of turning South bound
on to Lee Trevino. Unit 2 was traveling East bound on Rojas on
the left lane. Driver of unit 1 failed to yield the right of
ay to incoming traffic and'was struck by unit 2 on the right
rear quarter. There were no reported injuries at the scene and
no witnesses",7,322,WB,LT,EB,TH,unit 1,left turn
16-298138,"1300 N Lee Trevino is a 6 lane, two way roadway traveling N and
S bound. .At the intersection with 11200 Rojas, Lee Trevino S
hound lanes have an additional two mandatory left turn lanes and
I bound lanes have an additional left turn lane and two right
turn lanes. Unit #1 and Unit #2 were both traveling S bound on
Lee Trevino in the left turn lane. Unit #2 was stopped at the
signal light. Unit #1 failed to stop in time and collided into
the rear of Unit #2. Passenger of Unit #2 reported.mdnor
injuries but refused EMS. No witnesses were located.",7,323,SB,TH,SB,TH,unit 1,rear end
16-303191,"11300 Rojas is a two way, four lane roadway, that travels west
and eastbound.with a mandatory left turn lane. Unit 2 was on
the mandatory left turn lane at the red light on 11300 Rojas
estbound. Unit 1 was traveling westbound on 11300 Rojas,
entered the mandatory left lane, failed to control speed and
collided'with Unit 2‘s back end. Driver of Unit 1 was cited for
Failure to Control Speed/ Causing.Accident and No Operatoris
License (Citation # 18—970290). There were no reported injuries
or witnesses.",7,324,WB,TH,WB,TH,unit 1,rear end
16-323117,"THE 1300 BLOCK OF LEE TREVINO IS A SIX LANE ROADWAY THAT TRAVEL
I ORTH AND SOUTH BOUND WITH TWO MANADATORY LEFT TURN LANES AND
HAS A RAISED It-’.IEDIAN. UNIT ONE WHO FELD THE SCENE WAS TRAVELING
SOUTH ON LEE TREVINO IN THE MIDDLE LANE. UNIT TWO WAS BEHIND

IT ONE. UNIT TWO DRIVER STATED THAT A AMBULANCE CROSSED THE
INTERSECTION GOING EAST BOUND USING ITS LIGHTS AND SIRENS. UNIT
ONE PRESSED ON HIS BRAKES AND STOPED FOR THE AMBULANCE. UNIT TWO
* SO STEPED ON HIS BRAKES BUT CONTIUED FORWARD AND COLLIDED INTO

IT ONE. NO INJURIES WERE REPORTED. NO WITNESSES AT THE SCENE.",7,325,SB,TH,SB,TH,unit 2,rear end
16-323125,"1300 Lee Trevino @ point of collision has 5 lanes going south
hound and 3 lanes north bound.Driver—2(Unit—2:Mr. Pedregon)
stated that he was traveling south bound on the outside lane of
the 1300 block of Lee Trevino. IMr. Pedregon stated he was
attempting to make a right(west bound) turn onto Rojas Street
hen an ambulance, with emergency lights and sirens on,
proceeded through intersection heading west bound on Rojas. IMr.
Pedregon stated that he yielded for the ambulance when he felt
an impact to the rear of his vehicle. Mr. Pedregon observed
that Unit—1 had struck his car and.pulled over to a neighboring
parking lot. 0fficer Ledesma then spoke with Driver—1(Unit
—1:Ms. Avalos). Ms. Avalos stated that she was traveling behind
nit—2 when she observed their light to be green. Mr. Avalos
assumed that Unit—2 would continue driving ahead and did not see
or hear the ambulance in the area. Ms. Avalos stated that when
she realized that driver—2 was yielding to the ambulance she was
nable to stop Unit—1 in time to avoid a collision. .As a result

5
E
5..
o
o
2
E.
E
E
E
2

nit—1‘s front left corner struck Unit—2‘s back end(center).
Officer Ledesma‘s investigative opinion is that Ms. Avalos was
following too closely thus causing the collision. There were no
reported witnesses or injuries at the scene.",7,326,SB,TH,SB,RT,unit 1,rear end
17-016122,"1300 Lee Trevino Dr. is a two way, divided roadway with three
lanes for north bound traffic, two left turn lanes and one right
turn lane onto Rojas. Driver of Unit 2 stated he was at a
complete stop (red light)on the third lane of 1300 Lee Trevino
(north bound) when Unit 1 failed to control speed and rear ended
nit 2 at a high speed. No injuries were reported.",7,327,NB,TH,NB,TH,unit 1,rear end
17-022037,"The 1300 block of Lee Trevino at 11300 Rojas is a six lane
divided (unprotected) roadway for north and southbound travel.
The driver of Unit 1 stated he was traveling northbound in the
center lane on the 1300 block of Lee Trevino approaching the
intersection of Rojas. The driver of Unit 1 stated he observed
the light to the intersection to be red and continued to proceed
passed the intersection running the red light. The driver of

nit 1 stated he then observed Unit 2 turn northbound onto the
center lane of the 1300 block of the Lee Trevino from.the
estbound lanes of 11300 Rojas. The driver of Unit 1 then stated
that is when he collided into Unit 2 causing the listed damage.
The driver of Unit 2 stated she was traveling westbound on the

DIA GRAM

c:11300 block of Rojas approaching the intersection of Rojas and

H
m
D
D
I.""
(‘D
(‘D
I-II
H
(‘D
ﬂ
I-'
ti
0

The driver of Unit 2 stated.with a green light
to proceed, she proceeded to turn northbound onto the 1300 block
of Lee Trevino and observed Unit 1 on the northbound lanes of
1300 Lee Trevino run the red light proceeding past the

NA RRA TH/E AN

intersection of Rojas. The driver of Unit 2 stated she did have
not time to avoid Unit 1 and that is when Unit 1 subsequently
collided into Unit 2 causing the listed damage. The drive of
nit 1 received a citation for Red Light Violation (Citation #18
—971730). No injuries or independent witnesses were reported on
scene.

Time Notiﬁed",7,328,NB,TH,WB,RT,unit 1,right angle
17-060144,"1300 Lee Trevino is a two—way, 8 lane marked roadway, divided.by
a raised.median for north and south bound traffic. There are 3
lanes for north bound traffic. There are 5 total lanes for
south bound traffic with 2 of those lanes being mandatory left
turn lanes that turn onto Rojas.Units 1, 2 and 3 were south
hound on Lee Trevino, in the right lane of the mandatory left
turn lanes. Units 2 and 3 were already stopped at the red
light. Driver of unit 1 stated he was slowing down and looked
away and struck unit 2 causing unit 2 to strike unit 3. Drivers
of units 2 and 3 stated they were stopped at the red light when
nit 1 struck unit 2 fronibehind. Driver of unit 3 stated her
ead and neck hurt but refused.medical treatment at the scene.
wrivers 1 and 2 stated no injuries. No witnesses located.",7,329,SB,TH,SB,TH,unit 1,rear end
17-167233,"1300 Lee Trevino is a six lane roadway, divided.by a raised
center median with an additional two left turn lanes meant for
north and southbound travel. Unit 2 was traveling northbound on
Lee Trevino in the far left turn lane at a stop at a red light.
nit 1 was traveling northbound on Lee Trevino in the far left
turn lane, directly behind Unit 2, at which time Unit 1 failed
to control its speed and collided into the rear of Unit 2. No
injuries or independent witnesses were reported at the scene.",7,330,NB,TH,NB,TH,unit 1,rear end
17-222201,"The 11300 block of Rojas is a 5 lane, 2-way, straight roadway,

IEIEE3 CHM-‘G55

FA CT ORS &
CONDITIONS

ith 2 lanes traveling east. 2 lanes traveling west, and a
center left turn only lane. The 1300 block of N. Lee Trevino is
an 8 lane, 2-way, straight roadway, with 3 lanes traveling
north, 3 lanes traveling south, and 2 center left turn only
lanes. Unit 1 was stopped at a red light in the westbound left
turn only lane of Rojas. Unit 2 was stopped at a red light in
the eastbound #2 lane of Rojas. Unit 3 was stopped at a red
light in the northbound #1 left turn only lane of N. Lee
Trevino. The lights for the eastbound and'westbound traffic of
Rojas cycled to green. Unit 2, who had a green light, proceeded
into the intersection, attempting to continue eastbound on
Rojas. Unit 1, who also had a green light, indicating that he
I st yield to oncoming traffic, attempted to turn south onto N.
Lee Trevino, causing a collision with Unit 2. The collision
caused Unit 2 to veer southbound into the northbound #1 left
turn only lane, colliding with Unit 3. The driver of Unit 1

E
E
5..
o
o
2
E.
E
E
E
2

stated that while he was waiting at the red light, he reached

down to fix his shoe. The driver of Unit 1 stated that he then
proceeded into the intersection on the green light, but not the
green arrow. The passenger of Unit 2 complained of pain to her
right arnn but refused transport to a hospital.",7,331,WB,LT,EB,TH,unit 1,left turn
17-314138,"river of Unit 2 stated he was traveling WE on Rojas DR in the
far left lane. Unit 1 approached from behind and did not stop.
nit 1 rear—ended Unit 2.

E
E
5..
c:
an
2
E.
E
E
E
2

Time Notiﬁed",7,332,WB,TH,WB,TH,unit 1,rear end
18-058199,"Unit 2 was at stop
just before the intersection of Lee Trevino and Rojas due to
traffic ahead. Unit 1 failed to control its speed and collided
ith Unit 2 rear end. Unit 1 failed to remain at the scene of
the accident. No witnesses No injuries reported",7,333,NB,TH,NB,TH,unit 1,rear end
18-152165,"nit 2 was traveling NE on Lee Trevino Dr in the center lane and

IEIEE3 CHM-‘G55

 

ea
3
o
‘G
E

CONDITIONS

 

as at a complete stop at a red light when Unit 2 approached
from behind and did not stop. Unit 2 was rear—ended by Unit 1",7,334,NB,TH,NB,TH,unit 1,rear end
18-211101,"1300 N LEE TREVINO is a two way north/south roadway with 3 lanes
north and 3 lanes south and 2 mandatory left turn lanes, 11200

IEIEE3 CHM-‘G55

 

ea
3
o
‘G
E

CONDITIONS

 

Rojas is a two way east/west roadway with 2 lanes east and 2
lanes south divided.by a center turn lane. Unit 2 was in the
out side left turn lane and Unit 1 was in the next lane (mmst go
straight) and Unit 1 tried to turn left cutting in front of Unit
2 and collided into the front right quarter panel of Unit 2 as
she turned left. Unit 1 did not stop and Unit 2 followed her to
the Home Depot and they exchanged information there. Driver of
nit 1 did not have a valid driver license. Report done at the
PHRC COLLISION REPORTING CENTER",7,335,SB,LT,SB,LT,unit 1,side swipe
18-214140,"1300 Lee Trevino is a six lane north and south bound roadway,

 

ea
3
o
‘G
E

CONDITIONS

 

ith two left turn lanes on both side. Lee Trevino is divided.by
a raised concrete median. Unit # 3 was traveling south bound in
the left hand lane on the 130 block of Lee Trevino. Unit # 2 was
traveling south bound in the left hand lane on the 130 block of
Lee Trevino behind unit # 3. Unit # 1 was traveling south bound
in the left hand lane on the 130 block of Lee Trevino behind

nit # 2. Units # 3 and 2 were at a complete stop as cars up
ahead were at a complete stop for the red light. Unit # 1 failed
to control his speed and struck unit # 2 from.behindq pushing it
forward and striking unit # 3",7,336,SB,TH,SB,TH,unit 1,rear end
18-247224,"1301 LEE TREVINO IS A.6LN/2WAY ROADWAY DIVIDED BY AN ELEVATED
IIDIAN. UNIT #1, UNIT #2, AND UNIT #3 WERE TRAVELING SOUTH ON
THE RIGHT LANE. UNIT #1 DRIVER STATED THAT THE LIGHT HAD TURNED
GREEN AND THEN TRAFFIC CAME TO A.SUDDEN STOP. UNIT #1 DRIVER
STATED HE WAS NOT GOING TO BE ABLE TO STOP ON TIME, SO HE PULLED
TO THE RIGHT, STRUCK THE CURB, AND STILL STRUCK UNIT #2 FROM
BEHIND. UNIT #2 DRIVER STATED THAT SHE WAS STOPPED WAITING FOR
TRAFFIC TO MOVE, WHEN HER VEHICLE WAS STRUCK BY UNIT #1. UNIT
#2 DRIVER STATED THAT UNIT #1 PUSHED HER INTO UNIT #3. UNIT #3
""RIVER STATED THAT HE WAS STOPPED WAITING FOR TRAFFIC WHEN HIS

HICLE WAS STRUCK FROM BEHIND. UNIT #1 SUSTAINED FRONT LEFT
CORNER DAMAGE, UNIT #2 SUSTAINED BACK RIGHT CORNER DAMAGE, AND
FRONT BUMPER DAMAGE. UNIT #3 SUSTAINED REAR BUMPER DAMAGE.
THERE WERE NO WITNESSES OR INJURIES REPORTED",7,337,SB,TH,SB,TH,unit 1,rear end
18-248178,"The 1300 Block of Lee Trevino is a six lane roadway with two

IEIEE3 CHM-‘G55

 

ea
3
o
‘G
E

CONDITIONS

 

:-ndatory left turns. the roadway has three southbound lanes and
three northbound lanes. The 11300 block of Rojas is a four lane
roadway, two for east bound and two for westboundq both include
a left mandatory left turn lane. Unit 1 was driving northbound
on Lee Trevino and turned left to go west on Rojas. Unit 2 was
driving southbound on Lee Trevino.Unit 2 observed Unit 1 taking
the steady red turn light while she was driving at the
intersection, subsequently colliding with unit 1 and damaging
nit's 1 back right quarter panel. Unit 1 fled the scene as unit
2 one parked inside a nearby parking—lot.Unit 1 fled.before any
information could.be exchanged'with Unit 2.No independent
itnesses and no reported injuries",7,338,NB,LT,SB,TH,unit 1,left turn
18-253239,"1300 Lee Trevino is divided by a raised median running N/ S. Unit

IEIEE3 CHM-‘G55

 

ea
3
o
‘G
E

CONDITIONS

 

2 was on Lee Trevino Dr. heading North at a full stop due to a
red light behind other vehicles when unit 1 rear ended unit 2.
There were no injuries to report. Diagram.approximate. Case
number provided. No on scene investigation",7,339,NB,TH,NB,TH,unit 1,rear end
18-292154,"1300 Lee Trevino is a two way eight lane roadway traveling North

IEIEE3 CHM-‘G55

 

ea
3
o
‘G
E

CONDITIONS

 

to South separated.by a concrete median. Unit 3 was driving
Southbound on N Lee Trevino Dr when she stopped for traffic in
front of her. As unit 3 stopped, unit 2 crashed into unit 3 from
ehind, then unknown unit 1 crashed into unit 2 from behind.
Information was exchanged.by unit 3 and unit 2 but unit 1 fled
the scene without exchanging information. The damage to unit 3
as to the trunk and the rear bumper",7,340,SB,TH,SB,TH,unit 1,rear end
18-301031,"The driver of Unit 2 stated he was traveling northbound in the far right
lane on the 1300 block of Lee Trevino approaching the 11300 block of
Pojas. The driver of Unit 2 stated the signal lights controlling the
northbound lanes were green and Unit 2 proceeded eastbound on 11300
Pojas. The driver of Unit 2 stated that is when he was collided into by
nit 1 causing the listed damage. The driver of Unit 2 stated he is
unsure where Unit 1 came from_ The driver of Unit 1 stated he was
traveling northbound on the 1300 block of Lee Trevino in an unknown lane
approaching 11300 Rojas. The driver of Unit 1 stated the signal lights
controlling the northbound lanes were green and Unit 1 proceeding past
the intersection. The driver of Unit 1 stated he observed Unit 2
traveling southbound on the 1300 block of Lee Trevino turning eastbound
on 11300 Rojas. The driver of Unit 1 stated he applied his brakes,
however his brakes failed to activate and that is when he struck Unit 2

causing the listed damage. Witness 1",7,341,NB,RT,NB,RT,unknown,rear end
18-311130,"1300 Lee Trevino runs north and south and is a two way six lane

 

ea
3
o
‘G
E

CONDITIONS

 

roadway divided.by a raised.median with mandatory left turn
lanes, which intersects with 11300 Rojas. Unit #2 was traveling
south on Lee Trevino in the mandatory left turn lane and'was

- ing a left turn east bound onto Rojas on a green traffic
control signal light. Unit #1 was traveling north on Lee Trevino
in the right lane but proceeded through the intersection of
Rojas on a red traffic control signal light at which point it
struck Unit #2 broadside. Unit #1 and Unit #2 passengers advised
of injuries and'were transported.by EMS to the hospital",7,342,NB,TH,SB,LT,unit 1,left turn
18-320081,"10900 Rojas is a five lane, two way roadway for east bound and
est bound traffic, divided.by double yellow solid lines. The
driver of Unit #3 was traveling west bound on Rojas, on the turn

IEIEE3 CHM-‘G55

 

ea
3
o
‘G
E

CONDITIONS

 

left only lane. The driver of Unit #2 was also traveling west
hound on Rojas, directly behind the driver of Unit #3. The
driver of Unit #1 was also traveling west bound on Rojas,
directly behind the driver of Unit #2. The drivers of both Unit
#3 and Unit #2 slowed down for the traffic controlled
intersection, at which time the driver of Unit #1 failed to
control his speed, subsequently striking Unit #2, which in turn
struck Unit #3 frcntbehind (chain reaction). No witnesses or
injuries were reported",7,343,WB,TH,WB,TH,unit 1,rear end
18-321123,"driver of Unit #2 was traveling south bound on N. Lee Trevino,
on the #2 lane (turn left only lane). The driver of Unit #1 was
also traveling south bound on N. Lee Trevino on the #1 lane
(turn left only lane). The driver of Unit #2 stated that the
driver of Unit #1 made a wide left turn, subsequently merging
onto his lane of travel, subsequently striking his vehicle. The
driver of Unit #1 stated that the driver of Unit #2 merged onto
er lane of travel, subsequently striking her vehicle. During
the investigation, the driver of Unit #2 remained at the scene
hile the driver of Unit #1 left the scene. The driver of Unit
2 advised that he had.obtained.partial information from.the
iver of Unit #1. After further investigation, the Officer was
le to make contact with the driver of Unit #1 who advised that
she had to leave due to family issues. The Officer could not

dr
ab

determine which party was at fault. No witnesses or injuries",7,344,SB,LT,SB,LT,unit 1,side swipe
18-353187,"The 11300 block of Rojas is a five lane, two way roadway that is

 

ea
3
o
‘G
E

CONDITIONS

 

divided.by a painted.median. There are two lanes that travel

est including a mandatory left turn lane. There are two lanes
traveling East. Unit—02 was traveling West on lane 2 when he
stopped.behind traffic due to a red light . Unit—01 was
traveling behind Unit—02 when it failed to control its speed and
rear ended Unit—02. The driver of Unit—02 advised officers that
the driver of Unit—01 did not stop after rear ending his vehicle
and fled the scene heading South on Lee Trevino. No injuries or
itnesses were reported at the scene . No vehicles were towed",7,345,WB,TH,WB,TH,unit 1,rear end
18-363121,"1300 Lee Trevino is a northbound southbound roadway with six

mm:-7: CHM-‘G55

 

ea
3
o
‘G
E

CONDITIONS

 

lanes and two left turn lanes controlled.by a traffic light
signal. 1300 Lee Trevino intersects with 11200 Rojas an
eastbound.westbound roadway with 2 lanes and a left turn lane.
The driver of Unit 1 was traveling northbound on Lee Trevino as
e approached the intersection in which the light was red. The
driver of Unit 2 was turning from.the left turn lane onto Rojas
eastbound in which the driver had a green light arrow to turn.
The driver of Unit 3 was behind an additional vehicle and Unit
2. The driver of Unit 1 did not stop for the red light as Unit 2
turned onto Rojas. The driver of Unit 1 collided.with Unit 2.
nit 1 then continued to move forward and collided with the
traffic signal and light post causing'thenLboth to collapse. The
light post collapsed and collided.with the side of Unit 3
causing damage to the vehicle. The driver and.passenger of Unit

2 complained of pain to the shoulders and. back. Both the driver

RA TH/E AND DH-‘I GRAM

ﬁ:and.passenger of Unit 2 were transported to University Medical
Center to receive treatment. Witness Miguel Alcala ((915)588
-2607) stated the arrow was green for Unit 2 to turn left, but
as red for the drive of Unit 1",7,346,NB,TH,SB,LT,unit 1,left turn
19-041082,"Report taken at the MVRCC as a walk—in. 1300 N. Lee Trevino is a
three lane south, three lane north roadway with a south bound

IEIEE3 CHM-‘G55

 

ea
3
o
‘G
E

CONDITIONS

 

left turn only lane. Unit #2 was in the outside lane waiting for
the green light at which time was struck/rear ended.by Unit #1.
nit #1 fled the scene. No injuries were reported.by driver of
nit #2 and no citations were issued. No witnesses",7,347,SB,TH,SB,TH,unit 1,rear end
19-078103,"The 1300 block of N. Lee Trevino at the 11200 block of Rojas
mrive is a two way roadway used for both north and south bound

IEIEE3 CHM-‘G55

 

ea
3
o
‘G
E

CONDITIONS

 

traffic. Unit 2 was the first vehicle in the queue situated in
the far right hand lane of N. Lee Trevino Drive headed south
hound and stopped at a red signal light preparing to make a
right hand turn onto Rojas Drive. Unit 1 was directly behind
nit 2, failed to stop and rear ended Unit 2. Unit 1 fled the
scene. There were no witnesses reported and no on scene
investigation conducted. Diagram.is approximate",7,348,SB,TH,SB,TH,unit 1,rear end
19-087152,"1360 LEE TREVINO is a 2 way north/south roadway with 3 lanes
north and 3 lanes south divided.by a raised.median. 11200 ROJAS
is a 2 way east/west roadway divided.by a center turn lane.

IEIEE3 CHM-‘G55

 

ea
3
o
‘G
E

CONDITIONS

 

nit 2 was stopped.in backed.up traffic from.the Rojas traffic
light on Lee Trevino heading south and'was rear ended.by Unit 1.
lo injuries or witnesses reported. Report taken at the PHRC
COLLISION REPORTING CENTER",7,349,SB,TH,SB,TH,unit 1,rear end
19-124151,"Unit 2 was traveling northbound on 1300 Lee Trevino in
the center lane approaching inter section at 11300 Rojas. unit 1
as also traveling northbound on 1300 Lee Trevino behind unit 2
in the center lane. unit 1 then failed to control speed
subsequently colliding into the back end of unit 2 causing
damages. no reported'witnesses. nor reported injuries. Driver of
nit 1 was arrested for driving while intoxicated",7,350,NB,TH,NB,TH,unit 1,rear end
19-136185,"1300 N. Lee Trevino is a eight lane, two way roadway for north

 

ea
3
o
‘G
E

CONDITIONS

 

hound and south bound traffic, divided.by a raised.median. The
driver of Unit #3 was traveling south bound on N. Lee Trevino,
on the 3rd lane of travel. The driver of Unit #2 was also
traveling south bound on N. Lee Trevino, directly behind the
driver of Unit #3. The driver of Unit #1 was also traveling
south bound on N. Lee Trevino, directly behind the driver of
nit #2. Both Unit #3 and Unit #2 were stopped at a red light,
at which time the driver of Unit #1 failed to control his speed,
subsequently striking Unit #2 frontbehindq which in turn struck
nit #3 frcntbehind (Chain Reaction). The passenger of Unit #3
complained of head and.back pain but refused.medical attention.
Io witnesses were reported",7,351,SB,TH,SB,TH,unit 1,rear end
19-168208,"Unit #2 was traveling westbound
on Rojas in the mandatory left turn lane, attempting to make
left turn into Lee Trevino. Unit #2 was traveling westbound on
Rojas in the mandatory left turn lane, directly behind Unit #2.
The driver of Unit #2 stated that she was traveling westbound on
Rojas and'was in the mandatory left turn lane, attempting to
I- e left turn, when she observed lights turning yellow and the
traffic stopping in front of her. The driver of Unit #2 then
stopped at the lights and'was hit by Unit #1, who was traveling
directly behind her. The driver of Unit #1 stated that he was

nit #1 advised that he attempted to avoid colliding with Unit
#2, but was unable to, consequently striking Unit #2 from.the
rear. Investigation revealed that Unit #1 failed to control

Lu
E
E
or:
§
2!

speed. The driver of Unit #1 was cited. No witnesses or injuries",7,352,WB,TH,WB,TH,unit 1,rear end
19-177092,"1300 Lee Trevino northbound is a 6 lane divided on—way roadway

IEIEE3 CHM-‘G55

 

ea
3
o
‘G
E

CONDITIONS

 

ith two mandatory left turn lanes, three northbound lanes and
one mandatory right turn lane. 11300 Rojas eastbound is a two
lane divided one—way roadway. Unit 1 was stopped at a red light
in the right turn lane. Unit 2 was stopped at a red light in the
right northbound lane. The light turned green and Unit 2
proceeded into the intersection and Unit 1 began turning right
onto Rojas..As Unit 1 was completing the turn, the rear left
corner of the trailer made contact with the right front corner
of the trailer connected to Unit 2.No citations were issued due
to conflicting stories.The driver of Unit 1 advised Unit 2 was
too close to the white solid.painted line. The driver of Unit 2
advised the driver of Unit 1 turned too wide.No injuries or
itnesses to report",7,353,NB,RT,NB,RT,unknown,side swipe
19-182111,"1300 Lee Trevino is a seven lane two way roadway running north

IEIEE3 CHM-‘G55

 

ea
3
o
‘G
E

CONDITIONS

 

and south with mandatory turn lanes divided.by a raise median.
11200 Rojas is a five lane two way roadway running east and'west
ith mandatory turn lanes. U2 was traveling southbound in the
far right lane on lee Trevino. At the same time U1 was traveling
northbound on lee Trevino at which time made a left turn, Ft
ield the right of way to U2 and caused the listed damages.

nits involved reported no injuries and refused any medical
evaluation. No witness were located at the scene",7,354,NB,LT,SB,TH,unit 1,left turn
19-203096,"The 1300 block of N Lee Trevino Dr at the 11200 block of Rojas
Hr is a two way roadway used for north and south bound traffic.

IEIEE3 CHM-‘G55

 

ea
3
o
‘G
E

CONDITIONS

 

wriver of Unit 2 was driving southbound in the middle lane and
as stopped at a red light. Driver of Unit 1 failed to stop and
rear ended Unit 2 and left the scene. No on scene investigation
as conducted. No injuries were reported. Diagram.is
approximate",7,355,SB,TH,SB,TH,unit 1,rear end
19-264082,"1300 Lee Trevino (South) has three lanes and intersects with
11300 Rojas. U#2 stated that he was South on Lee Trevino and
as stopped at the red light in the center lane. U#2 stated

IEIEE3 CHM-‘G55

 

ea
3
o
‘G
E

CONDITIONS

 

that he looked in his rear view mirror and observed u#1
approaching quickly and stated that he could see that u#1
operator was on his cellphone and then was suddenly struck on
the back of his car. U#1 stated that he was South on Lee
Trevino and was in the center lane and that he did not stop in
time and thus struck the back of u#2. U#1 operator did admit to
sing his cellphone while he was driving. WI—1 (Mr. E.

* -ndairz PH: 915 253-9954) stated that he was also South on
Lee Trevino and was in the right lane and observed u#1
approaching at a fast pace and.moved his vehicle more to the
right as u#1 struck the back of u#2. The witness stated that he
observed u#1 operator to be looking down at his cellphone just
hefore the impact. There were no reported injuries regarding
this accident",7,356,SB,TH,SB,TH,unit 1,rear end
19-271108,"The 1300 block of Lee Trevino is a 6 lane roadway with 3 lanes

 

ea
3
o
‘G
E

CONDITIONS

 

traveling in the southbound direction and 3 lanes traveling in
the northbound direction. The southbound lanes of traffic also
contains 2 mandatory left turn lanes. The northbound lanes of
traffic also contains 2 mandatory left turn lanes and a
-ndatory right turn lane. The 11200 block of Rojas is a 4 lane
roadway, with 2 lanes traveling eastbound and 2 lanes traveling
estbound.with an additional mandatory left turn lane in both
directions. The driver of Unit #2 stated he had a green left
turn arrow and'was traveling in the outer southbound left turn
lane turning onto the 11200 block of Rojas. The driver of Unit
#2 also stated that he did not observe Unit #1 come to a
complete stop before entering the intersection. The driver of
nit #1 stated she was on the northbound.mandatory right turn
lane, when she was stopped at the red light and checked for
oncoming traffic. The driver of Unit #1 stated that she no
longer observed any traffic and.proceeded through the

E
E
5..
o
o
2
E.
E
E
E
2

intersection when she failed to yield the right of way to Unit
#2 and collided with Unit #2. Unit #1 was also impounded due to
the driver not having a driveris license and the vehicle not
aving current financial responsibility (insurance). No injuries
or witnesses were reported at the scene",7,357,NB,RT,SB,LT,unit 1,left turn