case_id,description,Intersection_num,case_no.,unit_1_direction,unit_1_movement,unit_2_direction,unit_2_movement,unit_at_fault,crash_type
19-310202,"THE 1300 BLOCK OF N LEE TREVINO DR.AT THE 11300 BLOCK OF ROJAS
HR IS.A TWO WAY ROAD WAY USED FOR BOTH NORTH AND SOUTH BOUND
TRAFFIC. UNIT 2 WAS TRAVELING NORTH BOUND ON N LEE TREVINO DR IN
THE CENTER LANE. UNIT 1 WAS TRAVELING EAST BOUND ON ROJAS DR.

IT 2 HAD THE GREEN LIGHT AND PROCEEDED INTO THE INTERSECTION.
IT 1 TOOK THE RED LIGHT, ENTERED THE INTERSECTION,.ATTEMPTED
TO TURN LEFT TO TRAVEL NORTH ON N LEE TREVINO DR, COLLIDED WITH

IT 2 AND FLED THE SCENE. NO WITNESSES WERE REPORTED. NO ON
SCENE INVESTIGATION WAS CONDUCTED. DIAGRAM IS.APPROXIMATE",7,358,EB,LT,NB,TH,unit 1,left turn
19-310224,"11200 Rojas is a four lane two way roadway traveling east and

IEIEE3 CHM-‘G55

 

ea
3
o
‘G
E

CONDITIONS

 

est bound. 11200 Rojas intersects with 1300 Lee Trevino. Unit
#2 was facing east bound in the middle lane waiting for the red
light to turn green when Unit #1 hit Unit #2 from.the back. The
driver of Unit #1 stated that she observed the brake lights frdm
nit #2 turned off for a moment, that is when she began to
accelerate and crashed into the back of Unit #2. No independent
itnesses were located, and the driver of Unit #2 complained of
neck pain",7,359,EB,TH,EB,TH,unit 1,rear end
19-317043,"11300 Rojas runs east and west and is a two way four lane

IEIEE3 CHM-‘G55
§
‘EU

 

ea
3
o
‘G
E

CONDITIONS

 

roadway divided.by a two way mandatory left turn center lane
hich intersects with 1300 Lee Trevino. Unit #2 was traveling
est on Rojas in the right lane and'was at a stop due to a red
traffic control signal light at the intersection of Lee Trevino.
nit #1 was also traveling west on Rojas in the right lane but
failed to control speed.at which point it struck Unit #2 from
hehind. No injuries or witnesses were reported at the scene",7,360,WB,TH,WB,TH,unit 1,rear end
20-051216,"The 1300 block of Lee Trevino is an 8 lane divided roadway for

 

ea
3
o
‘G
E

CONDITIONS

 

hoth northbound and southbound direction of travel. The
northbound direction of travel contains a total of three lanes
and.two mandatory left turn only lanes. The southbound direction
of travel contains a total of three lanes and two mandatory left
turn only lanes. The 11300 block of Rojas is a 5 lane divided
roadway for both westbound and eastbound direction of travel.
The westbound direction of travel contains two lanes with a
:-ndatory left turn only lane. The eastbound direction of travel
contains two lanes with a mandatory left turn only lane. The
driver of Unit—01 stated that he was traveling on the 1300 block
of Lee Trevino southbound in the number one left turn only lane.
The drive of Unit—01 said that as he crossed into the
intersection Unit—02 collided into hinLby'going into his lane.
The driver of Unit—01 hit his head in the vehicle but refused to
he transported.by EMS staff. The driver of Unit—02 stated that
she was traveling southbound on the 1300 block of Lee Trevino in
the number two left turn only lane. The driver of Unit—02 then
stated that out of nowhere she felt a collision and'was

E
E
5..
o
o
2
E.
E
E
E
2

ncertain if Unit—01 had crossed into her lane. No other
injuries were reported on scene. No independent witnesses were
located on scene. Due to conflicts in both drivers stories and
the damage not reflecting either story Officer Najera did not
issue any citations for the crash incident. Officer Najera cited

the driver of Unit—02 for No drivers license citation number",7,361,SB,LT,SB,LT,unit 1,side swipe
20-065210,"The 1300 block of North Lee Trevino Drive is a eight lane drive

IEIEE3 CHM-‘G55

 

ea
3
o
‘G
E

CONDITIONS

 

ith three lanes headed north and three lanes headed south, with
two mandatory left turn lanes. North Lee Trevino Dr. intersects
ith Rojas Drive and this intersection is controlled.by a signal
light. U—2 was on N. Lee Trevino Dr. headed south and on the
center lane. U—1 was on North Lee Trevino Dr. on the right lane.
-2 was moving forward when U—1 decided to switch lanes to the
left in front of U—2 but did not have enough room.and crashed U
-2, causing damages to the right side rear door and right side
rear quarter panel. No on site investigation was conducted. U—2
as assigned a case number. Diagram.is approximate",7,362,SB,TH,SB,TH,unit 1,side swipe
20-093065,"1300 Lee Trevino is a six lane two way roadway traveling north

IEIEE3 CHM-‘G55

 

ea
3
o
‘G
E

CONDITIONS

 

and south bound separated.by a curbed.median. Unit #3, Unit
#2, and Unit #1 were all traveling south bound in the left lane.
nit #3 and Unit #2 were stopped in traffic at a red light when
nit #1 crashed into Unit #2 pushing Unit #2 into Unit #1. There
as no damage to any of the vehicle observed.by the officer.

The driver of Unit #2 complained of injuries to his back. Unit
#3 was observed across the street but had left before the
officer could.make it to the other side of the intersection. No
independent witnesses were located",7,363,SB,TH,SB,TH,unit 1,rear end
20-135141,"Unit 1 stated he

as traveling South on N Lee Trevino Dr in the left lane to
continue straight and Unit 2 was in the middle lane also to
continue straight. Unit 1 stated that when the light turned
green for all lanes except for the dedicated left turn lanes,
for unknown reasons, Unit 2 cut in front of Unit 1 right before
the intersection in an attempt to merge into one of the left
turn only lanes. Unit 1 struck Unit 2 causing damages to Unit
2‘s rear left bumper while Unit 1 sustained damages to the front",7,364,SB,TH,SB,LT,unit 2,rear end
20-161135,"The 1300th block of S. Lee Trevino Dr. is a two way street that
runs north to south and has a protected.median. Additionally, it

IEIEE3 CHM-‘G55

 

ea
3
o
‘G
E

CONDITIONS

 

as three lanes headed in either direction, a mandatory right
turn lane in either direction, one left turn lane on the south
hound side, and two on the north bound side. U2 was facing south
on the far right lane and'was at a complete stop at the lights
hen U1 rear—ended.him_ U1 sustained.damages to her entire front
humper and U2 to the entire rear bumper and trunk. U2 was given
a case number. No on—site investigation was conducted. Diagram
is approximate",7,365,SB,TH,SB,TH,unit 1,rear end
20-247166,"The 1300 block of Lee Trevino is a six lane roadway with two

IEIEE3 CHM-‘G55

 

ea
3
o
‘G
E

CONDITIONS

 

:-ndatory right turn lanes, a mandatory left turn lane, and
three lanes for northbound traffic, it is also divided.by a
raised.median with three lanes for southbound traffic. The 11200
hlock of Rojas is a four lane roadway used for westbound and
eastbound traffic and is divided.by a double yellow line. This
intersection is controlled.by a signal light. Unit 1 was
traveling in the number three lane northbound. The driver of

nit 1 stated he knew he messed up but he still attempted the
right turn lane onto the 11200 block of Rojas. Unit 2 was
traveling on the mandatory right turn lane and.was turning right
onto the 11200 block of Rojas eastbound.when the signal light
turned green to turn. Unit 1 attempted the turn and the vehicles
collided. The driver of Unit 2 complained of lower back pain but
refused Fire and.Medical services, and there were no independent
itnesses to the collision",7,366,NB,RT,NB,RT,unit 1,side swipe
20-321174,"1300 Lee Trevino is a two way roadway with a raised median that

IEIEE3 CHM-‘G55

 

ea
3
o
‘G
E

CONDITIONS

 

travels north and south bound. The south bound lanes have three
lanes and two mandatory left turn lanes. 11200 Rojas is a two
ay roadway with marked lanes and runs east and'westbound.with
two lanes of traffic and a mandatory left turn lane. Units 1 and
2 were facing south bound in the number three lane waiting at
the red light. Once the light turned green Unit 2 begun to
travel southbound, Unit 1 which was behind Unit 2 proceeded
southbound as well and struck into the rear of Unit 2. There
ere no injuries or witnesses. Unit 1 driver was issued a
citation. The drivers of both units were issued an incident
information card with a case number and advised on follow up
procedures",7,367,SB,TH,SB,TH,unit 1,rear end
21-022025,"The 1300 Block of Lee Trevino is a two way, eight lane, north-

IEIEE3 CHM-‘G55

 

ea
3
o
‘G
E

CONDITIONS

 

south, roadway, divided.by a protected.median. The nearest
intersection is the 11200 Block of Rojas, which is a two way,
five lane, east— west, roadway, divided.by a protected.median.
nit #2 driver advised that he was traveling on lane 3,
southbound at the 1300 Block of Lee Trevino. Unit #2 driver
stated that he was stopped at the red light on Lee Trevino, at
the intersection of Rojas, when Unit #1 driver failed to stop
at the red light, and rear ended Unit #2. Unit #2 driver stated
that he had no injuries to report, nor were there any witnesses

at the collision site. Unit #2 driver stated that Unit #1 fled
the scene of the accident. No citations were issued",7,368,SB,TH,SB,TH,unit 1,rear end
21-158040,"11300 Rojas runs east and west and is a two way four lane

IEIEE3 CHM-‘G55

 

ea
3
o
‘G
E

CONDITIONS

 

roadway with a mandatory left turn lane which intersects with
1300 Lee Trevino. Unit #2 was traveling west on Rojas in the
right lane and was at a stop due to a red traffic control signal
light at the intersection of Lee Trevino. Unit #1 was also
traveling west on Rojas in the right lane but failed to control
speed.at which point it struck Unit #2 fronibehind. No injuries
or witnesses were reported at the scene",7,369,WB,TH,WB,TH,unit 1,rear end
21-160020,"1300 H. Lee Trevino is a northbound/southbound 11 lane roadway, 3

IEIEE3 CHM-‘G55

 

ea
3
o
‘G
E

CONDITIONS

 

northbound lanes with 2 mandatory left turn lanes and 1 mandatory right
turn lane/3 southbound lanes with 2 mandatory left turn lanes, that is
divided by a raised median. 11200 Rojas is an eastbound/westbound 6
lane roadway, 2 eastbound lanes with 1 mandatory left turn lane/2
estbound lanes with 1 mandatory left turn lane, that is divided by 2
solid yellow lines. Officer met with both drivers who stated the
ollowing: Driver of Unit 1: He was traveling southbound on the right
lane of H. Lee Trevino and was zoned out, at which time, he ran the red
signal light at the intersection with Pellicano and struck Unit 2 who
as turning left frdm the northbound lanes of Lee Trevino on a
protected/green left turn signal light. Driver of Unit 2: He was

3 Trevino and entered the intersection with Rojas on a protected/green
left turn signal light when Unit 1 who was traveling southbound on the
ight lane of Lee Trevino, ran the red signal light. He was unable to
avoid the collision as Unit 1 was traveling at a high rate of speed.
moth vehicles collided inside the intersection. Driver of Unit 1

sustained a smell laceration to his right leg, but refused medical

o
2
E.
E
E
E
2

attention. Front right passenger to Unit 1 cemplained of pain and was
transported for treatment. Back right passenger to Unit 1 cdmplained of
headache and abrasions to his right leg, but refused transport. Driver
of Unit 2 cdmplained of pain and abrasion to his left leg, but refused
transport. No other injuries or witnesses reported",7,370,SB,TH,NB,LT,unit 1,left turn
21-189190,"The 11300 block of Rojas Dr is a local road that travels east to
est and consists of a designated left turn lane, two lanes

IEIEE3 CHM-‘G55

 

ea
3
o
‘G
E

CONDITIONS

 

traveling west, and two lanes traveling east. U2 was traveling
est on the far left turning lane of Rojas Dr. U1 was behind U2.
1 became distracted as he bent down inside the vehicle and
removed his foot off the brake. U1 crashed into U2 causing
damages to the rear bumper and trunk of U2. No onsite
investigation conducted. U2 was assigned a case number. Diagram
is approximate",7,371,WB,TH,WB,TH,unit 1,rear end
21-221168,"11300 Rojas is a four lane two way roadway with a center left

 

ea
3
o
‘G
E

CONDITIONS

 

turn lane traveling east and west bound. Unit #1 was traveling
east bound in the right lane and attempted to make a u—turn when
it struck Unit #2. Unit #2 was traveling east bound in the left
lane on Rojas when Unit #1 turned in front of Unit #2. No
itnesses were located and no injuries were reported. The
driver of Unit #1 was given a citation and Unit #1 was
impounded. Both drivers were given an incident information card
and advised accordingly. The officer advised the driver of Unit
#2 at The Hospitals of Providence Emergency where she was
transported",7,372,EB,LT,EB,TH,unit 1,left turn
21-36091,"Unit 2 was on the far right lane
eading southbound on the 1300 block of Lee Trevino. Unit 1 was
directly behind Unit 2. Unit 2 came to a complete stop when

nit 1 failed to control speed subsequently colliding into Unit
2. The driver of Unit 2 was placed under arrest for suspicion
of driving while intoxicated. No witnesses or injuries were
reported at the scene",7,373,SB,TH,SB,TH,unit 1,rear end
21-298181,"11300 ROJAS IS A TWO LANE MARKED ROADWAY WITH A MANDATORY LEFT
TURN LANE. 1300 LEE TREVINO IS A THREE LANE MARKED ROADWAY WITH
TWO MANDATORY LEFT TURN LANES. UNIT 2 WAS TRAVELING EAST IN THE
RIGHT LANE AND HAD A GREEN LIGHT. UNIT 1 WAS TRAVELING WEST AND
I * ING A LEFT TURN FROM THE MANDATORY LEFT TURN LANE. UNIT 1
STATED HE HAD A GREEN ARROW AND CONTINUED WHEN UNIT 2 COLLIDED
INTO UNIT 1. UNIT 2 STATED SHE WAS DRIVING EAST AND HAD A GREEN
LIGHT WHEN UNIT 1 TURNED IN FRONT OF HER CAUSING COLLISION.

TNESS ALAN VELA 915-471-8891 STATED THAT HE WAS STOPPED AT THE
RED LIGHT FACING NORTH AND OBSERVED UNIT 2 TO HAVE THE RIGHT OF
AY WITH A GREEN LIGHT AND THAT UNIT 1 HAD A SOLID GREEN LIGHT
BUT FAILED TO YIELD TO UNIT 2. WITNESS RICARDO MACIAS 915-203
-0335 STATED THAT SAME AS WITNESS VELA AND WAS ALSO AT THE RED
LIGHT FACING NORTH. UNIT 1 DRIVER WAS TRANSPORTED TO DEL SOL BY
FMS FOR TREATMENT. UNIT 1 DRIVER WAS CITED ACCORDINGLY",7,374,WB,LT,EB,TH,unit 1,left turn
16-021227,"11300 Mbntwood,'West of Trawood is a four lane two way roadway
traveling East and.West with a mandatory left turning lane,
divided.by center median. 3100 Trawood is a five lane, two way
roadway traveling North and South, with a right turning lane, a
left turning lane and a straight lane, divided.by a solid yellow
line. Unit 1 was traveling North bound on Trawood on the
straight lane. Unit 2 was traveling South bound on Trawood on
the straight lane. Driver of unit 1 made a left turn from.the
straight lane and'was struck by unit 2 on the front right
corner. Driver of unit 2 complained of pain to his neck and
hack area. Driver of unit 1 complained of pain to his left
rist area. Both drivers refused.medical attention at the
scene. There were no witnesses.",8,375,NB,LT,SB,TH,unit 1,left turn
16-089278,"11400 Mentwood is a 2-Way, 6—lane roadway which travels east to
est divided.by a raised.median. Unit—02 was stationary in the
center lane of the west bound traffic of the 11400 block of
Iontwood. Unit—01 was traveling west bound.behind unit—02 of the
11400 Mentwood. Unit—01 failed to control his speed and collided
into unit—02 rear bumper. Unit—01 fled the scene without
exchanging information. No injuries or independent witnesses
ere located.",8,376,WB,TH,WB,TH,unit 1,rear end
16-092126,"3100 TRAWOOD (N/S) IS A 4LN/2WAY ‘WITH A MANDATORY RIGHT AND LEFT
TURN LANE. 11300 MONTWOOD (E/W) IS A 4LN/2WAY ‘WITH 2 MANDATORY
LEFT TURN LANES. UNIT #1 (NON-CONTACT) WAS TRAVELING WEST BOUND
ON THE FIRST LEFT TURN LANE. UNIT #2 AND UNIT #3 WERE TRAVLING
I ORTH BOUND ON THE MANDANTORY RIGHT TURN LANE. UNIT #3 DRIVER
STATED THAT SHE HAD THE GREEN RIGHT TURN ARROW AND SHE ENTERED
THE INTERSECTION IN AN ATTEMPT TO TURN RIGHT HEADING EAST ONTO
I ONTWOOD. UNIT #3 DRIVER THEN STATED THAT UNIT #1 AT THE SAME
TIME WAS MAKING A U-TURN (ILLEGAL) , SO SHE HAD TO STOP. UNIT #3
RIVER THEN STATED THAT HER VEHICLE ‘WAS STRUCK FROM BEHIND BY
IT #2. UNIT #2 DRIVER STATED THAT HE WAS BEHIND UNIT #3 AND
HE SAID THAT UNIT #3 PULLED FORWARD AND MADE A RIGHT TURN, BUT
SUDDENLY STOPPED IN THE MIDDLE OF THE INTERSECTION. UNIT #2
RIVER STATED THAT HE TRIED TO STOP, BUT IT WAS TOO LATE AND HIS
HICLE STRUCK UNIT #3.",8,377,WB,LT,NB,RT,unit 1,unknown
16-141209,"11400 Montwood is a '7 lane, 2 way roadway with 2 west bound

IEIEE3 CHM-‘G55

FA CT ORS &
CONDITIONS

lanes, 2 east bound lanes and 3 left turn lanes divided.by a
raised.median. 3100 Trawood is a 8 lane, 2 way roadway with 2
north bound lanes, 2 south bound lanes, 2 left turn lanes, 1
right turn lane and 1 optional right turn lane. The
intersection of Mbntwood and Trawood is controlled.by signal
lights. Witnesses, who were stopped in their vehicle for a red
light on the middle south bound lane of Trawood, stated that
nit #2 had a green light and entered the intersection. .As Unit
#2 entered the intersection, Unit #1 failed to yield the right
of way while making a right turn and caused Unit #2 to collide
ith Unit #1. The driver of Unit #2 stated that he had a green
light as he traveled east bound on the middle east bound lane.
en he entered.the intersection, Unit #1 cut in front of hiﬂl
hile making a right turn onto Mbntwood. Unit #2 swerved to try
to avoid colliding with Unit #1, however, was unable to avoid a
collision and subsequently drove onto the north curb and into a

E
E
5..
o
o
2
E.
E
E
E
2

street sign before coming to a rest.The driver of Unit #1 stated
that she had a green light (No arrow) and.made a right turn onto
the east bound lanes of Mbntwood. .As she made the right turn,
nit #2 collided with her vehicle",8,378,NB,RT,EB,TH,unit 1,rear end
16-141210,"11400 block of Montwood Dr. is a six lane, two—way roadway

FA CT ORS &
CONDITIONS

divided.by a center raised concrete median. Two lanes travel
est bound; With two mandatory left turn lanes. Two lanes travel
east bound. 3100 block of Trawood is a six lane, two—way roadway
divided.by a double solid yellow line. Two lanes travel north
hound; With one mandatory left turn lane and one mandatory right
turn lane. Two lanes travel south bound. Unit—1 was traveling
north bound on Trawood in the mandatory right turn lane. Unit—2
as at a complete stop in the first east bound lane on Mbntwood
as it was disabled due to separate motor vehicle collision(16
—141210). Unit—1 turned right (East) onto Mbntwood and.began to
travel in the first east bound lane. Unit—1 failed to control
it‘s speed and struck Unit—2 causing the listed damage. There
ere no reported injuries. Pumper 6 responded to the scene.",8,379,NB,RT,EB,TH,unit 1,rear end
16-181108,"11300 Mbntwood is a Westbound / Eastbound 6 lane roadway, 2
estbound lanes with 1 mandatory left turn lane / 2 Eastbound
lanes with 1 mandatory left turn lane, that is divided.by a
raised.median. 11300 Mbntwood intersects with the 3100 block of
Trawood'which is a controlled intersection by traffic control
signals. Driver of Unit 2 stated he was traveling eastbound on
Iontwood.when Unit 1 struck Unit 2 frontbehind. Driver of Unit 1
stated he was traveling eastbound on Mbntwood as he veered right
to avoid colliding with a non contact vehicle who ran the red
light, when Unit 1 struck Unit 2. No injuries or witnesses were
reported.",8,380,EB,TH,EB,TH,unit 1,rear end
16-193118,"river of unit 1 contacted the Telephone Reporting unit to
advise of the following accident that occurred on 07/11/2016 at
1020hrs at the intersection of Mbntwood Dr WB and Trawood Dr.
""river of unit 1 advised that he was driving Westbound on
Iontwood Dr. on the second turning lane from.the median. Driver
of unit 1 advised that he had a green light and that the vehicle
in front of him.stopped and he stopped.as well. Driver of unit 1
advised that unit 2, who was behind.him.crashed into unit 1 from
hehind. Driver of unit 1 advised that unit 3, who was behind

nit 2 crashed into unit 2 fronrbehind. Driver of unit 1 advised
that the damage to unit 1 was to the rear bumper",8,381,WB,TH,WB,TH,unit 2,rear end
16-200283,"3100 TRAWUOD is a five lane, two way roadway traveling north

IEIEE3 CHM-‘G55

FA CT ORS &
CONDITIONS

and south divided.by painted double yellow lines with mandatory
left turning lanes controlled.by traffic signals. Unit 1 was
traveling north bound on Trawood in the left turning lane to go
onto Montwood.west bound. Unit 2 was traveling south bound on
Trawood in the number one lane. Unit 1 failed to yield the right
of way to Unit 2 causing damage. There were no independent
itnesses and all parties refused EMS transport. Unit 1 driver
as cited and vehicles were private towed",8,382,NB,LT,SB,TH,unit 1,left turn
16-230109,"11300 MDNTWOOD IS A.5 LANE ROADWAY WITH 2 LANES WEST BOUND AND 2
LANE EAST BOUND WITH A.LEFT TURN LANE NORTH BOUND. 11300
IONTWOOD ALSO IS AN INTERSECTION WITH 3100 TRAWOOD.U1 WAS
TRAVELING EAST BOUND ON 11300 MDNTWOOD AND WAS.ATTEMPTING TO
TURN LEFT. U1 RAN.A RED LIGHT HITTING U2 WHO WAS TRAVELING WEST
BOUND ON THE RIGHT LANE.NO REPORTED INJURIES.WITNESS 1 STATED
THAT DRIVER OF U1 RAN THE RED LIGHT AND HIT U2.WITNESS 1 JOSE
BUSTILLOS 03.07.1998 915-504-0166WITNESS 2 STATED THAT DRIVER OF

1 HAD A.GREEN LIGHT HOWEVER DID NOT HAVE A.GREEN ARROW LIGHT
THEREFORE U2 HAD THE RIGHT OF WAY",8,383,EB,LT,WB,TH,unit 1,left turn
16-295147,"river of Unit 2 came in to the PHRC CRC and stated that on the
listed date and time at the address of occurrence Unit 2 was
going straight on Trawood at the Mbntwood intersection and had a
green light to proceed and Unit 1 was turning left and'went head
on at first and Unit 2 swerved a little to avoid hitting head on
and Unit 1 then impacted into the back left quarter panel of

nit 2 and fell over. Driver if Unit 1 got up real fast and got
onto Unit 1 and fled the scene. Driver of Unit 2 stated he
could see Unit 1 driver was injured on one of his legs but still
fled. Witness: Freddy Cuevas 276-7752 went after Unit 1 and'was
able to get a plate and came back and.provided Driver of Unit 2
ith the information. No other injures or witnesses reported.",8,384,NB,LT,SB,TH,unit 1,left turn
16-300229,"The 11400 block of Mbntwood is a paved 4 lane roadway for
est/eastbound traffic. Unit 2 was stopped at a solid redlight
traveling westbound on the #3 lane. Unit 1 was traveling
directly behind Unit 2. Unit 1 failed to control his speed
subsequently striking unit 2 in the back. No injuries were
reported. Driver of unit 1 was subsequently arrested for
uriving While Intoxicated. No witnesses came forward.",8,385,WB,TH,WB,TH,unit 1,rear end
16-350076,"11300 Mbntwood runs east and'west and is a two way four lane
roadway divided.by a raised.median with mandatory left turn
lanes which intersects with 3100 Trawood'which runs north and
south and is a two way four lane divided.by double yellow lines.
nit #2 was traveling east on Mbntwood in the left lane and'was
approaching the intersection at Trawood. Unit #1 was traveling
est on Mbntwood in the left mandatory left turn lane and'was
I- ing a left turn onto Trawood south bound and failed to yield
the right of way before making the left turn at which point it
as struck by Unit #2 broadside. No injuries were reported at
the scene.",8,386,WB,LT,EB,TH,unit 1,left turn
16-362041,"river of Unit 2 was traveling NE on Trawood Dr in the 2nd lane
from.the right which is for turning right or going straight, and
nit 1 was directly to her right in a turn only lane. Driver of
nit 2 stated she turned right and Unit 1 did also but merged
into the lane corresponding Unit 2. Unit 1 crashed into Unit 2,
causing damage.",8,387,NB,RT,NB,RT,unit 1,side swipe
17-025061,"11300 Mbntwood is a five lane two way roadway running east and
est with mandatory turn lanes. 3100 Trawood is a five lane two
ay roadway running north and south. U2 was traveling southbound

on trawood in the left lane. At the same time U1 was traveling
estbound on mbntwood in the right lane at which time ran red

light, collided with U2 and caused the listed damages. U1
reported.pain to chest area but refused.medical attention by

Rescue #6. U2 advised of pain to the head area and also refused

I-dical evaluation by Rescue #6. WI—01 Martinez",8,388,WB,TH,SB,TH,unit 1,right angle
17-094258,"3100 Trawood is a two way road'way with two north bound lanes
and two south bound lanes. Unit 2 was traveling north on 3100
Trawood at the intersection of 11300 Montwood. Unit—1 was
traveling north bound.behind Unit—2. Unit—2 was slowing due to
traffic as Unit—1 failed to control speed, and collided with
nit—2 causing listed damage. Unit—02 complained of neck pain
and denied.medical attention. No other injuries or witnesses
ere reported.",8,389,NB,TH,NB,TH,unit 1,rear end
17-097146,"11300 Mbntwood is a four lane east and'west bound roadway, with
two left turn lanes on the west bound side and one left turn
lane on the east bound side. 11300 Mbntwood is divided.by a
raised concrete median. 3100 Trawood is a four lane north and
south bound roadway, with left turn lanes on both sides and a
right turn lane on the north bound side. 3100 Trawood is divided
hy double yellow lines. Unit # 2 was traveling west bound in
the left hand straight away lane on the 11300 block of Mbntwood.
nit # 1 was traveling east bound in the left hand turn lane on
the 11300 block of Mbntwood. Unit # 1 failed to yield the right
of way and turned left into the path of unit # 2.",8,390,EB,LT,WB,TH,unit 1,left turn
17-100139,"11300 MONTWOOD (E/W) IS A FOUR LANE ROADWAY ‘WITH AND 3

I * ATORY LEFT TURN LANES AND IS DIVIDED BY A RAISED MEDIAN.
3100 TRAWOOD (N/ S) IS A FOUR LANE ROADWAY ‘WITH A MANDATORY LEFT
TURN LANE AND TWO MANDATORY RIGHT TURN LANES, THAT IS DIVIDED BY
OUBLE SOLID YELLOW LINES. UNIT #2 WAS TRAVELING WEST BOUND ON
THE RIGHT LANE ON MONTWOOD. UNIT #1 WAS TRAVELING EAST BOUND AND
AS MAKING A LEFT TURN ONTO TRAWOOD. THE DRIVER OF UNIT #1
STATED THAT AS HE APPROACHED THE INTERSECTION , THE SIGNAL LIGHT
TURNED YELLOW AND WAS STRUCK BY UNIT #2. THE DRIVER OF UNIT #2
STATED HER LIGHT ‘WAS GREEN AND UNIT #1 CROSSED HER PATH. UNIT

2 SUSTAINED DAMAGE TO THE FRONT. UNIT #1 SUSTAINED DAMAGE TO
HE RIGHT BACK QUARTER PANEL. THERE ‘WERE NO INJURIES OR

TNESSES REPORTED AT THE SCENE.",8,391,EB,LT,WB,TH,unit 1,left turn
17-103259,"11440 Montwood Eastbound is a one way, two lane roadway with two

IEIEE3 CHM-‘G55

 
     

FA CT ORS &
CONDITIONS

lanes for Eastbound travel. 3100 Trawood is a two way three lane
roadway with two lanes for Southbound travel, and one lane for
Iorthbound travel, one mandatory turn left only lane, and two
:-ndatory turn right only lanes. Both Unit 1 and Unit 2 were
traveling Northbound at 3100 Trawood. Unit 1 was in the far
right mandatory turning lane, and Unit 2 was in the left
:-ndatory right turning lane. Both drivers advised that they had
the green light to make the right turn onto 11440 Montwood. Unit
1 driver stated that Unit 2 entered her lane of travel,
colliding with Unit 1 causing the listed damage. Unit 2 driver
stated that Unit 1 entered his lane of travel, colliding with
nit 2 causing the listed damage. No injuries were reported at
the scene,",8,392,NB,RT,NB,RT,unknown,side swipe
17-107166,"river of U—2 called the Telephone Reporting Unit to report a
crash on the listed date and time. Driver of U—2 stated that
hoth vehicles were at the intersection of Trawood Dr. and
Iontwood Dr. headed north to make a right turn onto Montwood Dr.
wriver of U—2 stated that at that signal light there two right
turn lanes, the far right lane is a right turn only, second
right lane is to go straight or make a right turn, one left turn
only. Driver of U—2 stated he was on the second right turn lane
and Driver of U—1 was on the turn right only lane. Driver of U—2
stated that the light turned green and.both vehicle made the
right turn only that Driver of U—1 made the turn too wide and
sideswiped U—2 and causing him.to get on the curve to the left
of U—2. Driver of U—2 stated that he had damages to the right
side and to the left front tire from.hitting the curve. Driver
of U—2 stated that there were no injuries to report. Driver of U
-2 was given a report number. Diagram.is approximate.",8,393,NB,RT,NB,RT,unit 1,side swipe
17-111171,"11300 BLOCK OF MDNTWOOD IS A.2-WAY, 4 LANE ROADWAY THAT RUNS
FROM EAST TO WEST AND HAS 2 MANDATORY LEFT TURNS LANES FACING

/B AND 1 MANDATORY LEFT TURN LANE FACING E/B. 3100 BLOCK OF
TRAWOOD IS A.2-WAY, 4 LANE ROADWAY THAT RUNS FROM NORTH TO SOUTH
* I HAS 2 MANDATORY RIGHT TURN LANES FACING N/B. UNIT 1 WAS ON
THE LEFT TURN LANE OF MDNTWOOD FACING E/B. UNIT 2 WAS TRAVELING
/B ON THE #3 LANE OF MDNTWOOD. UNIT #1 ENTERED THE
INTERSECTION ON.A GREEN LIGHT AND ATTEMPTED TO TURN LEFT ONTO
TRAWOOD BUT FAILED TO YIELD RIGHT OF WAY TO UNIT #2 THAT ALSO
HAD A.GREEN LIGHT. UNIT #1 AND #2 COLLIDED IN THE INTERSECTION.
""RIVER OF UNIT #1 COMPLAINED OF PAIN TO HER STOMACH, RIGHT ARM;
* I LEGS. THE FRONT RIGHT PASSENGER OF UNIT #1 HAD RAIN TO HER
RIGHT FOOT AND HEAD. THE SECOND SEAT LEFT RASSENGER OF UNIT #1
HAD CHEST RAIN AND STOMACH RAIN. WITNESS: EFRAIN SANCHEZ(915)549
-3712 STATED THAT HE WAS TO THE RIGHT OF UNIT #2 AND THAT THEY
HAD A.GREEN LIGHT WHEN THE COLLISION OCCURRED.",8,394,EB,LT,WB,TH,unit 1,left turn
17-118822,"11300 Mbntwood is a 6 lane 2 way roadway with 4 lanes traveling
estbound.with 2 left mandatory left turn lanes, 3 lanes
traveling Eastbound'with a left mandatory left turning lane,
divided.by a raised.median. Driver of Unit 2 was traveling
Iorthbound on the left right turn lane, stopped at the
intersection of Mbntwood and Trawood,'waiting to turn right to
travel Eastbound on the 11300 block of Mbntwood. Unit 1 was
traveling Northbound on the 3100 block of Trawood on the right
lane waiting to turn right to travel Eastbound on the 11300

E lock of Montwood. Driver of Unit 1 conducted a wide turn and
E collided with Unit 2‘s right front end. No witnesses no injuries
reported.",8,395,NB,RT,NB,RT,unit 1,side swipe