case_id,description,Intersection_num,case_no.,unit_1_direction,unit_1_movement,unit_2_direction,unit_2_movement,unit_at_fault,crash_type
17-149067,"11300 MONTWOOD (W/E) IS A SIX LANE/ TWO WAY ROADWAY WITH TWO
ATORY LEFT LANES GOING WESTBOUND AND ONE MANDATORY LEFT
GOING EAST. WESTBOUND AND EASTBOUND LANES ARE DIVIDED BY A
RAISED MEDIAN. 3100 TRAWOOD NORTHBOUND IS A SIX LANE / TWO WAY
TH ONE MANDATORY LEFT TURN AND TWO MANDATORY RIGHT TURN LANE.
3100 TRAWOOD SOUTHBOUND IS A FIVE LANE / TWO WAY WITH A
ATORY LEFT AND RIGHT LANE. NORTHBOUND AND SOUTHBOUND LANES
* E DIVIDED BY A DOUBLE YELLOW LINE. DRIVER OF UNIT 2 STATED HE
AS TRAVELING SOUTHBOUND ON THE RIGHT LANE OF TRAWOOD. DRIVER OF
IT 2 STATED WHEN HE WAS APPROACHING THE INTERSECTION , UNIT 1
RAN THE RED LIGHT STRIKING HIM ON THE LEFT SIDE. DRIVER OF UNIT
1 STATED HE WAS TRAVELING WESTBOUND ON MONTWOOD ON THE RIGHT
C3 LANE. DRIVER OF UNIT 1 STATED HE RAN THE LIGHT STRIKING UNIT 2

IEIEE3 CHM-‘G55
§
‘EU

     
 

FA CT ORS &
CONDITIONS

I-

IT 2 SUSTAINED RIGHT SIDE DAMAGE. UNIT 1 SUSTAINED FRONT AND

RIGHT SIDE DAMAGE. NO WITNESSES. DRIVER OF UNIT 2 COMPLAINED OF
SHOULDER PAIN.",8,396,WB,TH,SB,TH,unit 1,right angle
17-215071,"11300 Mentweed is a marked readway with twe lanes fer east and west

    
 

3? Vehicle Defects [lnves

FA CT ORS &
CONDITION

heund traffic, a mandatery left turn lane fer east beund traffic, and
twe mandatery left turn lanes fer west beund traffic. 3100 Traweed is a
-rked readway with twe lanes fer seuth heund traffic, ene lane fer
nerth heund traffic, a mandatery left turn lane fer nerth and seuth
heund traffic, and twe mandatery right turn lanes fer nerth heund
traffic. The driver ef Unit 1 stated that she was traveling west beund
en Mentweed in ene ef the turn lanes when she preceeded inte the
intersectien due te her having a green arrew light. The driver ef Unit 1
advised that Unit 2 appreached the intersectien at a high rate ef speed
and when Driver ef Unit 1 was turning the frent ef her vehicle cellided
inte the frent left ef Unit 2. The driver ef Unit 2 stated that she was
traveling east heund en Mentweed in the right lane and had a selid green
light. The driver ef Unit 2 advised that as she preceeded inte the
intersectien the frent left ef her vehicle was cellided inte the frent
ef Unit 1. The driver ef Unit 2 stated that mentiened cellisien ",8,397,WB,LT,EB,TH,unit 1,right angle
17-224003,"The 11300 block of Mentwood is a two—way roadway with a raised
I-dian that has two lanes traveling Westbound.with two mandatory
left turns and two lanes traveling Eastbound with one mandatory
right turn. The Driver of Unit 1 was traveling Eastbound on the
11300 block of Montwood.when he took a left turn into the 3000
Block of Trawood. The Driver of Unit 1 failed to yield right of
ay and collided with Unit 2. The Driver of Unit 2 was
traveling Westboud on the outside lane of the 11300 block of
Iontwwod.when Unit 1 collided with his vehicle. The Driver of
nit 1 was cited for failure to yield right of way. There were
no injuries reported at the scene.",8,398,EB,LT,WB,TH,unit 1,right angle
17-286259,"The 11300 block of Mbntwood is a four lane marked roadway with
two mandatory turn lanes going south bound, and 1 mandatory left
turn lane north bound. The 11300 block of Mbntwood intersects
ith the 3100 block of Trawood.which is a four lane marked
roadway with two mandatory turn lanes. Unit 2 was traveling west
on Mbntwood in the left lane. The driver of unit 2 stated he had
the green light and right of way. Unit 1 was driving east bound
on Mbntwood, attempting to turn north onto Trawood. In the
process of doing so, Unit 1 failed to yield the right of way
subsequently colliding into Unit 2. Unit 1 fled the scene prior
to officers arrival. There were no reported.Witnesses at the",8,399,EB,LT,WB,TH,unit 1,right angle
18-040078,"Driver of Unit 1 stated that
she was in the inside turning lane close to the curbside and
nit 2 was in the adjacent turning lane both vehicles on Trawood
ﬂrive. Driver of Unit 1 indicated that both lanes mmst turn
east onto Montwood Drive. Driver of Unit 1 stated that when
she turned onto Montwood Drive, she crossed into the lane Unit 2
as traveling in and crashed into the passenger front quarter
panel and.bumper area for Unit 2. Driver of Unit 2 attempted to
avoid Unit 1 by moving further out but hit a pole while
attempting to avoid Unit 1. No on scene investigation was
conducted and no injuries were incurred.by either drivers.
Information was exchanged.by both parties. Report generated for
insurance purposes.",8,400,NB,RT,NB,RT,unit 1,side swipe
18-048027,"3100 Trawood is a 6 lane two way roadway with 4 lanes traveling

 

ea
3
o
‘G
E

CONDITIONS

 

northbound, and 2 lanes traveling southbound. Montwood is a 6
lane 2 way roadway divided.by a raised center median with 4
lanes traveling westbound and 2 lanes traveling eastbound. Unit
2 was traveling southbound on Trawood in the center lane at the

ontwood intersection. Unit 1 was traveling Northbound on the
Trawood on the far left turning lane at the intersection of

ontwood and failed to yield the right of way to Unit 2 while
tuning left on to Mbntwood. Unit 1 collided with Unit 2 causing
listed damage. No injuries were mentioned at the scene and
driver of Unit 1 was placed into custody for Driving while
intoxicated.",8,401,NB,LT,SB,TH,unit 1,left turn
18-128272,"Iontwood is a four lane roadway that has two lanes traveling

IEIEE3 CHM-‘G55

 

ea
3
o
‘G
E

CONDITIONS

 

east and two lanes traveling west bound.with a raised.median in
the center. Trawood is a four lane roadway that has two lanes
traveling north and two lanes traveling south bound.with a
raised.median in the center. Unit 1 was eastbound.when it
collided with Unit 2 at the intersection of 11300 Mbntwood and

3100 Trawood. Unit 2 was traveling westbound turning southbound
on Montwood when it collided with Unit 1. Officer were unable to

determine who is at fault.",8,402,EB,TH,WB,LT,unknown,left turn
18-163235,"11300 Montwood is a four lane two way roadway traveling east and

IEIEE3 CHM-‘G55

 

ea
3
o
‘G
E

CONDITIONS

 

est bound separated.by a curbed.median. Unit #1 was traveling
east bound on Montwood in the left lane traveling through a red
light thus striking Unit #2 who was traveling west on Montwood
then south onto Trawood. Unit #2 had a protected left green
arrow and was hit in the middle of the left turn by Unit #1. No
injuries were reported and all parties were advised accordingly.",8,403,EB,TH,WB,LT,unit 1,left turn
18-236236,"3100 Trawood is a 2 lane roadway, 2 lanes for northbound traffic

IZIEE3 CHM-‘G55
Z

 

ea
3
o
‘G
E

CONDITIONS

 

ith a mandatory left turn lane and a mandatory right turn lane,
2 lanes for southbound traffic, not divided.by a raised.median.
11300 Mbntwood is a 2 lane roadway, 2 lanes for eastbound
traffic, 2 lanes for westbound traffic, divided.by a raised

-dian. Unit—2 was (northbound) stationary, at the 3100 block
of Trawood'with a red signal light in the #2 lane . Unit—1 was
traveling northbound in the mandatory right turn lane and the
ﬂriver of Unit—1 decided to continue northbound in the # 2 lane,
striking Unit—2 froatbehind, causing the accident. There were
no witnesses or other injuries reported at the scene",8,404,NB,TH,NB,TH,unit 1,rear end
18-276256,"Driver of Unit two stated she was traveling west bound on
Iontwood, entered the intersection on a green solid light and
subsequently collided with Unit one. Unit one was making a left
turn to travel north bound on Trawood, entered the intersection
ith a green solid light, failed to yield the right of way
turning left, causing Unit two to subsequently collide with unit
one. Driver of Unit one had.minor injuries but was not
transported. Driver and.passenger of unit two were transported
to University Medical Center with Minor injuries.",8,405,EB,LT,WB,TH,unit 1,left turn
19-038154,"11300 Montwood is four lane east and west bound roadway, left

 

ea
3
o
‘G
E

CONDITIONS

 

turn lanes. 3000 Trawood is a four—lane roadway, with let turn
lanes. Unit # 1 was traveling eastbound in the # 1 lane on the
11300 block of Mbntwood. Unit # 2 was traveling west bound in
the left hand left turn lane on the 11300 block of Mbntwood.
wriver of unit # 1 stated she had the green light. Driver of

nit # 2 claimed she had the green arrow. Officer was unable to
locate a witness for the accident and therefore unable to
determine fault. unit # 1 then struck a street sign on the south
east corner of the intersection",8,406,EB,TH,WB,LT,unit 1,left turn
19-050040,"11300 Montvood runs east and west and is a two way four lane

 

ea
3
o
‘G
E

CONDITIONS

 

roadway divided.by a raised.median with mandatory left turn
lanes which intersects with 3100 Trawood'which runs north and
south. Unit #2 was traveling west on Montvood in the left

-ndatory left turn lane and'was making a left turn south onto
Trawood on a green traffic control signal light. Unit #1 was
traveling east on Montvood in the right lane and.proceeded
through the intersection of Trawood on a red traffic control
signal light but failed to yield the right of way at a
controlled intersection at which point it was struck by Unit #2
hroadside. Unit #1 driver advised of injuries and.was
subsequently transported.by EMS to the hospital. Unit #2 driver
advised of injuries but refused EMS but further advised she
ould seek a private doctor.",8,407,EB,TH,WB,LT,unit 1,left turn
19-058170,"3100 Trawood is a six lane north and south bound roadway,

IEIEE3 CHM-‘G55

 

ea
3
o
‘G
E

CONDITIONS

 

divided.by double yellow lines. 11400 Mbntwood is a six lane
east and'west bound roadway, divided.by a raised concrete
-dian. Unit # 2 was traveling north bound in the left hand
right turn lane on the 3100 block of Trawood. Unit # 1 was
traveling north bound in the right hand right turn lane on the
3100 block of Trawood. Both units began to turn right onto the
11400 block of Mbntwood. Unit # 1 unsafely began to move into
the left hand lane and collided'with unit # 2 as they turned.",8,408,NB,RT,NB,RT,unit 1,side swipe
19-086135,"3100 TRAWOOD IS A FOUR LANE TWO WAY ROADWAY (NORTH AND SOUTH)

TH ADDITIONAL MANDATORY TURNING LANES. UNIT 2 WAS NORTH BOUND
ON THE THIRD LANE PREPARING TO MAKE A RIGHT EASTBOUND TURN ONTO
I ONTWOOD. . UNIT 1 WAS NORTHBOUND ON THE FOURTH LANE
(MANDATORY EASTBOUND TURNING LANE). BOTH UNITS PROCEDED TO MAKE
THE RIGHT TURN ONTO MONTWOOD. UNIT 1 FAILED TO MAKE A PROPER
RIGHT TURN. UNIT 1 DROVE ONTO UNIT 2 LANE AND COLLIDED INTO

IT 2. UNIT 1 FLED THE SCENE AND CONTINUED EASTBOUND ON
I ONTWOOD. UNIT 2 FOLLOWED UNIT 1. UNIT 1 FINALLY STOPPED AT
11700 MONTWOOD. NO WITNESS. NO INJURIES.",8,409,NB,RT,NB,RT,unit 1,side swipe
19-154043,"3100 Trawood is a five lane two way marked roadway and running

mm:-7: CHM-‘G55

 

ea
3
o
‘G
E

CONDITIONS

 

north and south bound only and is controlled.by a signal light.
11300 Mbntwood is a six lane two way marked roadway running east
and'west bound only and is controlled.by a signal light. Unit 1
as travelling west bound on Mbntwood.when it failed to stop at
the red light and struck Unit 2 and Unit 3. Unit 2 and Unit 3
ere travelling south bound on Trawood and had the green light
hen they were struck by Unit 1. Unit 2 also struck Unit 3 as
it was struck by Unit 1. All parties reported injuries but
advised they would transport themselves to the hospital. Two
itnesses were located and advised Unit 1 did not stop at the
red light. Wi—01:",8,410,WB,TH,SB,TH,unit 1,right angle
17244046,"11300 Mbntwood is a five lane two way marked roadway running
east and west bound only and is controlled.by a signal light.
3100 Trawood is a five lane two way marked roadway running north
and south bound only and is controlled.by a signal light. Unit
1 was traveling east bound on Mbntwood in the right lane when it
failed to obey the red light and struck Unit 2. Unit 2 was
traveling north bound on Trawood and turned right onto Mbntwood
hen it was struck by Unit 1. No injuries were reported and a
itness was located.",8,411,EB,TH,NB,RT,unit 1,right angle
19-192159,"11300 Montwood is a two way roadway with marked lanes and an

IEIEE3 CHM-‘G55

 

ea
3
o
‘G
E

CONDITIONS

 

elevated.median that runs east and'west bound. Unit 1 driver
advised that he was traveling westbound on 11300 Mbntwood and
as traveling in the number two left turn only lane, switched
over to the number one left turn only lane, and'was struck from
hehind.by unit 2. Unit 2 stated that he was in the number two
left turn only lane stopped facing westbound in a line of
traffic at a red light. Unit 2 driver stated that unit 1 driver
then put his vehicle in reverse, struck into unit 2, then
attempted to drive away in number one left turn only lane but
as unsuccessful due to traffic at the redlight. There were no
itnesses or injuries. The drivers of both units were issued an
ncident information card'with a case number and advised on

i
follow up procedures. Due to conflicting stories officers were
nable to determine the at fault driver.",8,412,WB,TH,WB,TH,unknown,rear end
19-254201,"11300 BLOCK OF MONTOWOOD IS A SIX LANE ROADWAY TRAVELS
EAST/WESTBOUND WITH TWO MANDATORY LEFT TURN LANES WHEN
TRAVELING WEST BOUND AND IS DIVIDED BY A RAISED MEDIAN. UNIT 2
AS STOPPED IN THE INSIDE LANE FACING WEST BOUND. UNIT 1 WAS
TRAVELING WEST BOUND IN THE INSIDE MANDATORY LEFT TURN LANE.

IT 2 DRIVER ADVISED THE LIGHT TURN GREEN FOR THE MANDATORY
LEFT TURN LANE AND UNIT 2 DRIVER LIGHT WAS STILL RED. UNIT 2
RIVER ADVISED A PICKUP TRUCK WAS TO HIS LEFT AND MADE THE LEFT
TURN LANE. UNIT 2 DRIVER ADVISED HE WAS STILL STOP AT A RED
LIGHT ‘WHEN UNIT 1 STRUCK HIS VEHICLE (DRIVER SIDE MIRROR). UNIT
15 2 DRIVER ADVISED BOTH PARTIES STOPPED A CONVENIENCE STORE
PARKING LOT AND EXCHANGE INFOR.MATION. UNIT 2 DRIVER ADVISED HE
C: ANTED AN ACCIDENT REPORT GENERATED AND WALKED INTO THE PEBBLE
ct HILLS REGIONAL COMMAND CENTER POLICE STATION TO MAKE THE REPORT.
OFFICER WHILE AT THE STATION SPOKE WITH UNIT 1 DRIVER OVER THE
:1; TELEPHONE ‘WHO ADVISED OF THE FOLLO‘WING:UNIT 1 DRIVER ADVISED SHE
E OBSERVED UNIT 2 TO BE CLOSE TO HER LANE AND UNIT 2 WAS OUTSIDE
THE WHITE LINE. UNIT 1 DRIVER ADVISED THE LIGHT TURN GREEN FOR
BOTH OF THEM AND MADE THE LEFT TURN. UNIT 1 DRIVER ADVISED THERE
AS A VEHICLE TO HER LEFT MAKING THE MANDATORY LEFT TURN LANE
* I UNIT 2 TO HER RIGHT. UNIT 1 DRIVER ADVISED UNIT 2 WAS CLOSE
TO HER VEHICLE CAUSING UNIT 2 MAKE CONTACT ‘WITH UNIT 1. NO
INJURIES REPORTED AND NO WITNESS.",8,413,WB,TH,WB,TH,unknown,side swipe
19-272111,"The 11400
hlock of Mbntwood is a four—lane, two—way roadway, with two
-ndatory left turn only lanes going westbound. Unit—1 was
traveling northbound on Trawood and entered the far right
turning lane (1) in an attempt to turn eastbound onto Mbntwood.
nit—2 was also traveling northbound on Trawood and entered the
second turning lane (2) to also turn eastbound onto Mbntwood.
nit—1 stated that as both units proceeded to turn, unit—2
entered her lane (lane 1) and struck unit—1 . Unit—2 stated that
as both units proceeded to make the unit—1 made a wide turn,
entering unit—2‘s lane (lane 2), striking unit—2. Due to
conflicting stories fromtboth parties, no citations were issued.",8,414,NB,RT,NB,RT,unknown,side swipe
19-309051,"Unit 2 was in the 2nd lane from.the
right of Trawood Dr NE. Unit 1 was in the far right lane of
Trawood Dr NE. Both lanes are mandatory right turn lanes. Unit
1 disregarded the right turn only for Unit 2 and struck the rear
quarter of Unit 2.",8,415,NB,RT,NB,RT,unit 1,rear end
20-007197,"Unit 2 was stopped at a red
light facing north on Trawood'waiting to turn right on Mcntwood
and was rear ended.by Unit 1. Driver of Unit 1 gave an ID and
no driver license and refused to provide his insurance
information. No injuries or witnesses reported. Report taken
at the PHRC COLLISION REPORTING CENTER.",8,416,NB,TH,NB,TH,unit 1,rear end
20-021129,"3100 Trawood is a 5 lane two—way divided roadway with an

 

ea
3
o
‘G
E

CONDITIONS

 

nprotected.median with two lanes travelling northbound, one
lane travelling southbound, one southbound or right turn lane
and one mandatory left turn lane from.Trawood southbound to
Iontwood eastbound. 11300 Motnwood'westbound is a 4 lane divided
roadway with two lanes travelling eastbound and two mandatory
left turn lanes from Montwood westbound to Trawood southbound.
nit 2 was stopped in the left turn lane on Trawood at a red
light. The driver of Unit 2 advised Unit 1 conducted a wide
right turn from Montwood westbound to Trawood northbound and
collided into the front left quarter of her vehicle. The driver

DH-‘I GRAM

of Unit 2 advised Unit 1 fled the scene travelling northbound on

threatening injuries. No witnesses on scene to report. The
driver of Unit 2 was provided with an incident information card
ith the case number and.was advised accordingly.",8,417,WB,RT,SB,TH,unit 1,head on
20-050219,"The 11300 block of Montwood is a six lane two way roadway with

IEIEE3 CHM-‘G55

 

ea
3
o
‘G
E

CONDITIONS

 

two lanes that travel east, two lanes that travel west and a
turn lane north and a turn lane to go south, traffic is
separated.by a center raised concrete median. The 11300 block of
ontwood intersects with the 3000 block of Trawood.which is a

five lane roadway two lanes that travel north, two lanes that
travel south along with a turn lane to turn east and west. The
driver of Unit 2 advised that she was in the outside lane of

Iontwood traveling east, stopped at the red traffic signal, when

the light changed to green and Unit 1 collided with the rear of
er vehicle. The driver of Unit 1 advised that he had been

stopped at the red traffic signal, observed the signal change to
reen and accelerated.but Unit 2 had not moved, failing to

9
control speed and colliding with the rear of Unit 2. No
independent witnesses were reported on scene.",8,418,EB,TH,EB,TH,unit 1,rear end
20-051131,"3100 Trawood is a six lane two way roadway traveling north and

IEIEE3 CHM-‘G55

 

ea
3
o
‘G
E

CONDITIONS

 

south bound separated.by a painted divider. Unit #1 was in the
inside right lane to turn east bound onto Mbntwood. Unit #2 was
in the left right turn lane to turn east bound onto Mbntwood.
11300 Mbntwood is a six lane two way roadway traveling east and
est bound separated.by a curb median. Unit #1 when turning
right turned'wide and struck Unit #2. The driver of Unit #1
stated that while she was making the right turn that Unit #2
turned into her. The drive of Unit #2 stated that as he was
I- ing the right turn that Unit #1 struck him_ There was one
reported.witness that was said to have left the scene and.was
called.back so that the officer could.meet with her. The driver
of Unit #1 stated that the driver of Unit #2 called the female
to respond to the crash. The officer asked the witness if she
Inew the driver of Unit #2, she stated no. The witness stated
that she was behind Unit #2 when Unit #1 made a wide right turn
and struck Unit #2. All parties were advised accordingly",8,419,NB,RT,NB,RT,unit 1,side swipe
20-067187,"11300 Montwood is a eastbound westbound roadway with four lanes
and an additional three mandatory left turn lanes. 11300
Iontwood intersects 3100 Trawood a northbound southbound roadway

IEIEE3 CHM-‘G55

 

ea
3
o
‘G
E

CONDITIONS

 

ith six lanes in total which include two mandatory right turn
lanes and one mandatory left turn lane. The intersection is
controlled.by a traffic control signal light. The driver of Unit
Two was traveling eastbound on 11300 Mbntwood in the left lane.
The driver of Unit One was traveling eastbound on 11300 Mbntwood
next to Unit Two on the right lane. The driver of Unit Two began
to move forward as the light signal was green. The driver of

nit One then took a left turn onto 3100 Trawood.from.the far
right lane attempting to drive past Unit Two and avoid a
collision. The driver of Unit One was unable to stop front
colliding with Unit Two and collided.with the right passenger
side of Unit Two in the intersection. The driver of Unit One was
cited for Failure To Yield Right of Way Causing.Accident. There
are no injuries or witnesses to report form.the scene.",8,420,EB,TH,EB,TH,unit 1,side swipe
20-199052,"11300 Montwood is a six lane two way marked roadway running east

IEIEE3 CHM-‘G55

 

ea
3
o
‘G
E

CONDITIONS

 

and'west bound only and is controlled.by a signal light. 3100
Trawood is a six lane two way marked roadway running north and
south bound only and is controlled.by a signal light. Unit 1

as towing Unit 2 and'was traveling west bound on Mbntwood.when
it began turning left onto Trawood when it was struck by Unit
3. Unit 1 was in the second turn lane when it turned left from
Iontwood onto Trawood. Unit 3 was traveling west bound on
Iontwood in the first turn lane and'was turning left onto
Trawood when it was struck by Unit 2. The drivers of Unit 1 and
nit 3 both stated they made a proper left turn and.blamed the
other for the collision. No injuries were reported and a

itness was located, however he is not an independent witness
hecause he works with the driver of Unit 1. No driver was cited

due to conflicting accounts of the accident. W1-01:",8,421,WB,LT,WB,LT,unknown,side swipe
20-219200,"Unit 2 stated she turned right onto Montwood Dr. off
of Trawood Dr. and'was traveling in the left lane heading East
on Montwood.when for unknown reasons, Unit 1 who also turned
right and'was in the right lane, struck Unit 2. Unit 2 sustained
damages to the right front quarter panel while Unit 1 sustained
damages to the left rear quarter panel. No on site investigation
as conducted. Unit 2 was assigned a case number. Diagram.is
approximate.",8,422,NB,RT,NB,RT,unit 1,side swipe
20-231206,"The 3100 block of Trawood is a 6 lane divided by a solid line.
The 11000 block of Montwood is a 6 lane divided by a median.

nit 1 was in the right turning lane designated. Unit 2 was in

IEIEE3 CHM-‘G55

 

ea
3
o
‘G
E

CONDITIONS

 

the 2nd right lane designated to turn. Unit 1 merged into the
the left lane stricking the front right quarter panel of Unit 2.
lo witnesses to report. No on scene investigation was conducted.",8,423,NB,RT,NB,RT,unit 1,side swipe
20-247117,"11300 Montwood is a four lane two way roadway traveling east

IEIEE3 CHM-‘G55

 

ea
3
o
‘G
E

CONDITIONS

 

and.west bound.with a mandatory left turn lane separated.by a
curbed.median. Unit #2 was at a red light waiting for the green
light so it could.proceed through the intersection when Unit #2
humped Unit #1. The driver of Unit #1 and Unit #2 were asked to
I-ve their vehicles from.the roadway since they were movable and
they were blocking the roadway. The driver of Unit #1 was
refusing to move her vehicle and the officer told her to move
the vehicle several times. The driver of Unit #1 finally moved
it. The driver of Unit #1 was given a citation. Both parties
ere advised accordingly and issued incident cards. No
independent witnesses were located. No injuries were reported.",8,424,EB,TH,EB,TH,unit 1,rear end
20-259102,"The 3100 block of Trawood Dr is a local road that travels north
to south and consists of a designated left turn lane in each

IEIEE3 CHM-‘G55

 

ea
3
o
‘G
E

CONDITIONS

 

direction, a lane traveling north, 2 designated right turn

lanes, a lane traveling south and a designated right turn lane

traveling south. U2 was traveling north on the 3rd lane frem

left to right, attempting to make a right turn onto Mpntwood Dr.
1 was adjacent to U2 to the right. Both units turned and U1
eered into U2‘s lane. U1 crashed into U2 causing damages to the

front right corner of U2. No onsite investigation conducted. U2
as assigned a case number. Diagram.is approximate.",8,425,NB,RT,NB,RT,unit 1,side swipe
20-288186,"The 11300 block of Montwood Dr is a local road that travels east
to west and consists of 2 designated left turn lanes, 2 lanes

IEIEE3 CHM-‘G55

 

ea
3
o
‘G
E

CONDITIONS

 

traveling west and 2 lanes traveling east. U2 was traveling west
on the far left turning lane of Montwood Dr. U1 was adjacent to
2, also traveling west. on the outer turning lane. U1 veered
into U2‘s lane and crashed into U2 causing damages to the front
right corner and quarter panel of U2. U1 failed to exchange
information and fled the scene. No onsite investigation
conducted. U2 was assigned a case number. Diagram.is
approximate.",8,426,WB,LT,WB,LT,unit 1,side swipe
21-069198,"11300 Montwood west is a 2 lane roadway that travels west and has 2

 

ea
3
o
‘G
E

CONDITIONS

 

-ndatory lanes that turn left (west) and two lane roadway that travels
east and has one lane with a mandatory turn left lane (north). 3100
Trawood is a two lane roadway that travels north with a mandatory turn
left (west) and right (east) lanes and a one lane roadway south that has
a mandatory turn left (east) and right (west) at the intersection of
Trawood and Montwood. Unit 2 was traveling westbound on the 11300 block
of Montwood in the number one lane. Unit 1 was traveling eastbound on
the 11300 block of Mbntwood and was attempting to turn right(north) when
unit 2 collided into unit 1. Upon arrival, R20 was on scene and advised
the officers no injuries were reported. Officer Lopez met with unit 2
driver who stated he was traveling eastbound on Mbntwood and stated he
had the green light when unit 1 drove across his lane of travel and he
collided into unit 1. Unit 1 driver was able to provide the officer the
number of a witness who saw the collision. Officer Lopez made phone
contact with the witness (Gaxiola, Maggie (915)252-4095) who stated she

as in the turn lane on 11300 Mbntwood west at the red light, she stated
unit 2 had the green light when unit 1 attempted to drive across and got
hit. Officer Peterson met with Unit 1 driver who stated he was turning
left frdm 11300 Montwood east and stated he had the green light but did
not remember if it was a green arrow or a green yield light. Based on

E
E
5..
o
o
2
E.
E
E
E
2

the aforementioned, unit 1 driver was cited for Failure to yield right
away. Both drivers requested a private tow. No injuries were reported.
Officers provided all parties an incident information card and advised
them accordingly.",8,427,EB,LT,WB,TH,unit 1,left turn
21-089110,"3200 Trawood is a northbound/southbound 5 lane roadway, 2

IEIEE3 CHM-‘G55

 

ea
3
o
‘G
E

CONDITIONS

 

northbound lanes/1 southbound only lane with 1 mandatory left
turn lane and 1 optional southbound or right turn lane, that is
divided.by 2 solid yellow lines. Officer met with both
drivers who stated the following: Driver of Unit 1 (Crane): He
as traveling southbound on the mandatory left turn lane of
Trawood and stopped for the red signal light just before the
intersection with Mbntwood. He wanted to continue south on
Trawood and realized he was on the mandatory left turn lane so

e made a right lane change after checking for vehicle and not
observing any nearby. He then struck Unit 2 who was stopped on
the southbound only lane of Trawood. Driver of Unit 2: She was
stopped for the red signal light (intersection with Mbntwood) on
the southbound only lane of Trawood.when Unit 1 made an unsafe
lane change from.the mandatory left turn lane of Trawood,
striking her vehicle. Driver of Unit 2 complained of neck
pain and refused transport. No other injuries or witnesses",8,428,SB,TH,SB,TH,unit 1,rear end
21-105254,"The 11300 block of Mbntwood is a two way roadway that travels east and

 

ea
3
o
‘G
E

CONDITIONS

 

estbound and is divided by a raised median. 11300 Montwood has two
lanes of travel westbound and two lanes of travel eastbound divided by
painted marked lines. At the intersection of 3100 Trawood and 11300
Iontwood, 11300 Mbntwood has two mandatory left turn lanes westbound and
one mandatory left turn eastbound. The 3100 block of Trawood travels
north and southbound and is divided by an unprotected median. Unit 2
advised she was traveling on 11300 Montwood westbound crossing the
intersection of 3100 Trawood, as her light was green ahead. Unit 2 said
she suddenly saw Unit 1 driving toward her, as it seems she was making a
left turn frdm 11300 Mbntwood eastbound onto 3100 Trawood northbound.
nit 2 said she attempted to avoid Unit 1 colliding into her, however
said Unit 1 struck her. Unit 2 said with the momentum.of her attemting
to avoid Unit 1, she made a right turn and collided into Unit 3. Unit 1
initially failed to remain at the scene and fled northbound on 3100
Trawood. The driver of Unit 2 was transported to a local medical center
after she advised of neck and right shoulder pain. Unit 3 advised he
as stopped at a red light facing southbound 3100 Trawood at the
intersection of 11300 Mbntwood. Unit 3 said he went to grab his coffee

5
E
5..
o
o
2
E.
E
E
E
2

cup when he was suddenly struck by Unit 2. Unit 3 advised he did not see
the collision between Unit 1 and Unit 2. The driver of Unit 3 advised he
had left hand pain. The driver of Unit 2 was able to obtain Unit 1's
license plate and described the vehicle as a beige older Honda with

ront end damange. Unit 2 also mentioned she observed a young Hispanic
emale driving the vehicle. The Officer obtained an address with the
Texas plates Unit 2 provided and the Officer proceeded to that address
here he located Unit 1, exactly as described by Unit 2. The Officer
knocked at the residence where he was met with the driver of Unit 1, who
admitted to have been the driver. Unit 1 explained to the Officer{###}",8,429,EB,LT,SB,TH,unit 1,unknown
19236113,"The intersection of Mbntwood.(westbound) has four
lanes, two left turn lanes and two straight lanes. Mbntwood
eastbound has two straight lanes and a left turn lane to head
north on Trawood. U#2 driver stated that he was travelling
estbound in the left straight lane and as he began to enter the
intersection the light had turned yellow and as he proceeded u#1
ad turned in front of him.and thus both vehicles collided. U#1
driver stated that she was eastbound on Mbntwood and was in the
left turn lane and had a green light (not green arrow) and as
she approached the intersection she began to make her left turn
hecause she did not see u#2 and suddenly u#2 appeared and thus
hoth vehicles collided. There were no independent witnesses
regarding the accident.",8,430,EB,LT,WB,TH,unit 1,left turn