case_id,description,Intersection_num,case_no.,unit_1_direction,unit_1_movement,unit_2_direction,unit_2_movement,unit_at_fault,crash_type
18-317098,"The 1100 block of N. Yarbrough Dr. which is a eight lanes, both

north / south bound traffic, and.both a mandatory left and right
turn lane; intersects with Vista del Sol Dr. which runs east and

IEIEE3 CHM-‘G55

 

ea
3
o
‘G
E

CONDITIONS

 

est bound traffic and has both mandatory left and right turning
lanes. U—2 is on N. Yarbrough Dr. headed north bound and on the
left lane to go straight and U—1 is on Vista Del Sol Dr. headed
est. U—2 had the green light and he proceeded forward, Unit 1
collided'with right side doors and rear quarter panel, causing U
-2 to spin in the middle of intersection. U—1 collided Unit 2 by
nknown driver and left the scene. U—2 stated that two people in
anther vehicle stopped and are witness to the collision. No on
scene investigation conducted.",9,469,WB,TH,NB,TH,unit 1,right angle
18-232107,"The 1100 block of N Yarbrough Dr is a 7—lane, 2-way street
divided.by a median. Unit 2 was in the far left lane at a

IEIEE3 CHM-‘G55

 

ea
3
o
‘G
E

CONDITIONS

 

complete stop at a red light. Unit 1 approached on the right
and struck the right side View mirror, then fled the scene.",9,470,NB,TH,NB,TH,unit 1,side swipe
18-222112,"1100 Yarbrough runs north and south and is a two way six lane

IEIEE3 CHM-‘G55

 

ea
3
o
‘G
E

CONDITIONS

 

roadway divided.by a raised.median with mandatory left turn
lanes which intersects with a private drive. Unit #2 was
traveling north on Yarbrough in the left lane and'was at a stop
at the intersection on a red traffic control signal light. Unit
#1 was also traveling north on Yarbrough in the left lane and it
failed to control speed.at which point it struck Unit #2 frdm
hehind. Unit #2 driver advised of injuries but refused transport
hy EMS and further advised she would seek a private doctor. No
itnesses were reported at the scene.",9,471,NB,TH,NB,TH,unit 1,rear end
18-202131,"1100 Yarbrough is a 7 lane two way roadway for traffic traveling

IEIEE3 CHM-‘G55

 

ea
3
o
‘G
E

CONDITIONS

 

north and southbound divided.by a raised center median. 10500
ista Del Sol is a 5 lane two way road'way for traffic traveling
east and'westbound.with no means of separation. Unit 2 was
traveling northbound in the center lane approaching the
intersection at 10500 Vista Del Sol. Unit 1 was traveling
eastbound on 10500 vista Del Sol approaching the intersection at
1100 Yarbrough. As unit 2 entered the intersection with a green
signal light unit 1 failed to stop at red signal light on 10500
ista Del sol causing unit 2 to collide into the left side of
nit 1 causing damages. No reported injuries. Witness: Cesar
Silva (512)-783-5238 advised he observed unit 1 fail to stop at
red signal light causing the collision.",9,472,EB,TH,NB,TH,unit 1,right angle
17-329140,"1200 Block of Yarbrough is a 6 lane 2 way roadway with 2 lanes
that travel Northbound and 4 lanes that travel Southbound, with
1 mandatory left turning lane divided.by a raised.median. 10700
ista del sol is a 5 lane 2 way roadway with 2 lanes that travel
estbound and 3 lanes that travel Eastbound.with 1 mandatory
left turn lane, divided.by double yellow lines.The driver of

nit 1 stated that she was traveling Southbound on the left lane
and did not notice that the signal light was red and.proceeded
to enter the intersection causing her to T—bone Unit 2. Damages
to Unit 1 was front end distributed ",9,473,SB,TH,EB,TH,unit 1,right angle
18-087187,"river of Unit 2 came in to the PHRC COLLISION REPORTING CENTER
and stated that on the listed date and time at the address of

occurrence Unit 2 was in the center lane to turn left onto

IEIEE3 CHM-‘G55

 

ea
3
o
‘G
E

CONDITIONS

 

arbrough and Unit 1 was in the left lane to turn left into
arbrough and.when the light turned green, both vehicles went
hut Unit 1 veered into the right lane and collided into the
front left quarter panel and corner of Unit 2. No injuries or
itnesses reported.",9,474,EB,LT,EB,LT,unit 1,side swipe
18-090097,"1200 block of Yarbrough is a 5 lane two way roadway that travels

IEIEE3 CHM-‘G55

 

ea
3
o
‘G
E

CONDITIONS

 

north and south divided.by a raised.median. Driver of Unit 2
advised that the accident had occurred on 03/30/2018 at
approximately 21:00 hours. Unit 2 was traveling south bound on
arbrough if the far right lane which is a an optional
straight/right turn lane waiting to turn right onto Vista Del
Sol. Driver of Unit 2 stated that as she was stopped.waiting to
- e her turn, Unit 1 approached from behind and struck her
ehicle causing the listed damage. Driver of Unit 2 mentioned
that she turned right onto Vista Del Sol and'was going to stop
and exchange information with Unit 1, and that is when Unit 1
drove away and fled the scene.",9,475,SB,RT,SB,TH,unit 1,rear end
18-162175,"1100 N Yarbrough is a 4 lane, 2 lanes north and 2 lanes south

IEIEE3 CHM-‘G55

 

ea
3
o
‘G
E

CONDITIONS

 

ith a mandatory left turn lane on either side and a mandatory
left turn on either side divided.by a raised.median roadway.
10600 Vista del Sol is a 4 lane, 2 lanes west and 2 lanes east
divided.by a center turn lane roadway. Unit 2 was stopped at a
red light and'was rear ended.by Unit 1. There was no visible
damage to Unit 1 and some damage to the rear of Unit 2. Driver
of Unit 1 provided.pictures of the damage. No injuries or
itnesses reported. Report done at PHRC COLLISION REPORTING
CENTER.",9,476,NB,TH,NB,TH,unit 1,rear end
18-170190,"1156 N Yarbrough Dr. is a 5 lane 2 way roadway, divided by a

IEIEE3 CHM-‘G55

 

ea
3
o
‘G
E

CONDITIONS

 

raised.median running N/S. Unit 2 was on at a full stop on the
fourth lane (from.left to right) heading North in front of the
lights that lead to the parking lot of the Burlington Factory on
1144 N. Yarbrough Dr. behind unit 3. Unit 1 rear ended unit 2,
causing unit 2 to rear end unit 3. Driver of unit 2 approached
nit 3, and'was advised she was in a hurry and did not provide
any information. Unit 2 focused on obtaining unit 1's
information. There were no injuries to report. Diagram
approximate. Case number provided.",9,477,NB,TH,NB,TH,unit 1,rear end
18-196094,"10700 BLOCK OF VISTA DEL SOL IS A FOUR LANE ROADWAY TRAVELS
EAST/‘WEST BOUND WITH A MANDATORY LEFT TURN LANE. UNIT 1 WAS
TRAVELING WEST BOUND IN THE MANDATORY LEFT TURN LANE AND UNIT 2
AS TRAVELING EAST BOUND IN THE OUTSIDE LANE. UNIT 1 DRIVER

* VISED SHE OBSERVED A TRUCK IN FRONT OF HER MAKE A LEFT TURN
INTO A PRIVATE DRIVE WITH A GREEN LIGHT AND UNIT 1 FOLLOWED.

IT 1 DRIVER ADVISED UNIT 2 STRUCK HER VEHICLE. UNIT 2 DRIVER
VISED SHE HAD A GREEN LIGHT AND WAS TRAVELING EAST BOUND WHEN
IT 1 ENTERED HER LANE. UNIT 2 ADVISED SHE ATTEMPTED TO STOP
BUT WAS UNABLE DUE TO UNIT 1 MAKING A LEFT TURN RIGHT IN FRONT

OF HER. NO WITNESS AND NO INJURIES REPORTED AT THE SCENE.
OFFICER INVESTIGATION DETERMINE THAT UNIT 1 WAS AT FAULT (FAILED
TO YIELD RIGHT A WAY TURNING LEFT) FOR THE ACCIDENT.",9,478,WB,LT,EB,TH,unit 1,left turn
19-214148,"The 1200th block of Yarbrough is a two way street that runs

IEIEE3 CHM-‘G55

 

ea
3
o
‘G
E

CONDITIONS

 

north to south, intersects with Vista del Sol, and has a
protective medium_ There are three forward only and one
-ndatory right turn lane on each direction. U2 was on the far
left lane going south, and.U1 was in front of him_ U2 moved
right to get into the middle lane and as he was almost in, U1
started.moving towards the same lane hitting U2 with the front
of his car causing damages to U2‘s left back quarter panel. U2
as given a case number. No on—site investigation was conducted.
wiagram.is approximate. Officer E. Nevarez #2648 (STI #17) of
the El Paso Police Department—Special Traffic Investigations
nit was assigned this report for further investigation. The
officer located the driver and vehicle related to unit #1 in
this case. Driver of unit #1 stated that he did in fact was the
operator of this vehicle at the time/date of the collision.
""river of unit #1 stated that he was not injured during the
collision and denied fleeing as initially reported. A.mdnor

E
E
5..
o
o
2
E.
E
E
E
2

scuff (black in color) was found on the front—right fender near
the tire—well to which the driver of unit #1 denied that it was
done as a result of this collision. Due to a lack of independent
itness(s) and contradicting information provided from both
involved drivers on how the collision occurred, it is
ndetermdned.who caused the collision. There are no pending
charges at this time. This report was updated to reflect new
findings and requires no further investigation.",9,479,SB,TH,SB,TH,unknown,side swipe
19-221043,"1100 Yarbrough runs north and south and is a two way two lane

 

ea
3
o
‘G
E

CONDITIONS

 

roadway divided.by a raised.median with mandatory left and right
turn lanes that intersects with 10600 Vista Del Sol. Unit #2
as traveling north on Yarbrough in the left lane and'was at a
stop on a red traffic control signal light at the intersection
of Vista Del Sol. Unit #1 was also traveling north on Yarbrough
in the left lane and'was passing on the left to proceed into the
:-ndatory left turn lane but passed without sufficient clearance
at which point it struck Unit #2 by sideswipe. No injuries or
itnesses were reported at the scene.",9,480,NB,TH,NB,TH,unit 1,side swipe
19-230031,"1100 N Yarbrough is a six straight and level roadway divided by

IEIEE3 CHM-‘G55

 

ea
3
o
‘G
E

CONDITIONS

 

a high median with three lanes traveling north and southbound
ith a mandatory left turn. 10500 Vista Del Sol is a five
straight and level roadway traveling west and eastbound divided
hy two solid lines. Unit #2 was traveling northbound on the
u-ndatory left turn lane. Unit #1 was traveling southbound in
the inside lane. Unit #2 tried taking a left turn onto Vista Del
Sol, due to him.having the green arrow. Unit #1 disregarded the
traffic control signal light, and ran the red light. Due to Unit
#1 disregarding the red light, Unit #2 collided with Unit #1 in
a 90 degree angle. No injuries or other independent witness(es)
ere reported.",9,481,SB,TH,NB,LT,unit 1,left turn
19-231110,"Th e 1100 block of N Yarbrough Drive at the 10600 block of Vista
del Sol Dr. is a two way roadway used for north and south bound

IEIEE3 CHM-‘G55

 

ea
3
o
‘G
E

CONDITIONS

 

traffic. Driver of Unit 2 was driving North on Yarbrough in the
far right turning lane. The lane to the left of Unit 2 was
closed for construction. Driver of Unit 1 was in the far left
lane and.made a right turn onto Vista Del Sol. Unit 1 merged
into the right lane on Vista Del Sol and crashed into Unit 2.

lo on scene investigation was conducted. No injuries were
reported.",9,482,NB,RT,NB,RT,unit 1,side swipe
19-291157,"THE 1200 BLOCK OF YARBROUGH IS A.SIX LANE ROADWAY THAT TRAVELS
IORTH AND SOUTH BOUND WITH A.MANDATORY LEFT TURN LANE. UNIT TWO
.AS IN THE NUMER 3 LANE STOPPED ON.A RED LIGHT SOUTH BOUND.

IT TWO DRIVER STATED THAT WHEN MOVING FORWARD ON.A GREEN LIGHT

IT ONE CAM FROM BEHIND AND COLLIDED INTO TWO. UNIT ONE DRIVER
STATED THAT HIS VEHICLE HAS DEFECTIVE BRAKES. UNIT DID NOT STOP

EN PRESSING ON HIS BRAKES, UNIT ONE COLLIDED INTO UNIT TWO. NO
INJURIES WERE REPORTED AND NO WITNESSES AT THE SCENE.",9,483,SB,TH,SB,TH,unit 1,rear end
19-317259,"1100 N. Yarbrough is a three lane traveling North bound with two

IEIEE3 CHM-‘G55

 

ea
3
o
‘G
E

CONDITIONS

 

-ndatory left turning lanes. Unit 2 was traveling North bound
on Yarbrough in the center lane waiting on a red light. Unit 1

as traveling North bound on Yarbrough in the center lane in
front of unit 2. Driver of unit 2 stated he was waiting on the
red light, behind unit 1, when for unknown reason unit 1 started
rolling back, striking unit 2 on the front. Driver of unit 2
stated driver of unit 1 came out of his vehicle approached him
and stated ""Que Paso"" and.proceeded to get unit‘s 2 license

M

,1 late number. Driver of unit 2 stated driver of unit 1 went
E ack in to his vehicle and proceeded to leave the scene.",9,484,NB,TH,NB,TH,unit 1,backing vehicle
19-321147,"1200 Yarbrough is a 7 lane / 2 way roadway that is intended to
travel north and southbound. 10600 Vista Del Sol is a 5 lane / 2
ay roadway that is intended to travel east and'westbound. Unit

 

ea
3
o
‘G
E

CONDITIONS

 

2 was traveling on the #2 lane heading northbound on the 1200
hlock of Yarbrough. Unit 1 was traveling on the #2 lane heading
estbound on the 10600 block of Vista Del Sol. Unit 1 failed to
stop at a red light attempted to make a left turn heading
southbound on the 1200 block of Yarbrough subsequently colliding
into Unit 2. One witness was located at the scene.",9,485,WB,TH,NB,TH,unit 1,right angle
19-344066,"THE 10600 BLOCK OF VISTA DEL SOL DRIVE AND THE 11000 BLOCK OF N
ARBROUGH DR IS A TWO WAY ROAD WAY USED FOR BOTH EAST AND WEST
BOUND TRAFFIC. UNIT 2 WAS IN THE MIDDLE LANE WHICH SERVES FOR
BOTH STRAIGHT AND LEFT TURNING TRAFFIC ATTEMPTING TO TURN LEFT.

IT 1 WAS ON THE LEFT LANE RESERVED FOR ONLY LEFT TURNS. UNIT 1
COLLIDED WITH UNIT 2 AS UNIT 2 ENTERED THE INTERSECTION AND
BEGAN TURNING LEFT. NO ‘WITNESSES WERE REPORTED. NO INVESTIGATION
AS CONDUCTED.",9,486,WB,LT,WB,LT,unknown,side swipe
19-355157,"1100 N Yarbrough has 4 north bound lanes of traffic with 2 north
hound lanes, one mandatory left turn lane and one mandatory

IEIEE3 CHM-‘G55

 

ea
3
o
‘G
E

CONDITIONS

 

right turn lane as well as 2 south bound lanes of traffic, one
-ndatory left turn lane and an optional right turn lane and a
center median. Unit 2 was north on lane 2 on 1100 N Yarbrough
and stopped due to traffic. 1100 N Yarbrough intersects with
10500 Vista Del Sol which has 2 westbound lanes and a mandatory
left turn lane, as well as 2 east bound lanes and a mandatory
left turn lane. Unit 1 was directly behind unit 2 north in lane
2 of 1100 N Yarbrough and failed to control their speed
colliding into the rear of unit 2 causing the damage. The driver
of unit 1 claimed no injuries. The driver and.passengers of unit
2 claimed no injuries. The driver of unit 1 was placed under
arrest for suspicion of DWI reference case number 19—355157.",9,487,NB,TH,NB,TH,unit 1,rear end
20-026022,"1100 Yarbrough is a two way 4 lane roadway with a mandatory left

IEIEE3 CHM-‘G55

 

ea
3
o
‘G
E

CONDITIONS

 

turn lane and an optional right turn lane that travels north and
south bound divided.by a raised.median. 10500 Vista Del Sol is a
two way 4 lane roadway with a mandatory left turn lane that
travels east and'west bound divided.by a double yellow line.
wriver of Unit 1 stated he was traveling east bound on the #1
lane of 10500 Vista Del Sol crossing the intersection of 1100
arbrough on a green light when he was suddenly struck by Unit 2
ho was traveling south bound on 1100 Yarbrough. Driver of Unit
2 stated she was traveling south bound on the #1 lane of 1100
arbrough crossing the intersection of 10500 Vista Del Sol on a
green light when Unit 1 ran a red light, causing her to collide
into Unit 1. The investigation revealed that Driver of Unit 1

as driving while intoxicated and.was subsequently placed under
arrest.",9,488,EB,TH,SB,TH,unit 1,right angle
20-042107,"The 10500 block of Vista del Sol Dr at the 1200 block of N
arbrough Dr is a two way roadway used for east and west bound

IEIEE3 CHM-‘G55

 

ea
3
o
‘G
E

CONDITIONS

 

traffic. Driver of Unit 2 was driving south bound on Vista del
Sol Dr on the go straight or turn left lane. Driver of Unit 1
as to the left of Unit 2, which is a turn left only lane. Both
nit 2 and Unit 1 turned left onto N Yarbrough Dr. Unit 1 made
a wide left turn and crashed into Unit 2. No on scene
investigation was conducted. No injuries were reported.",9,489,WB,LT,WB,LT,unit 1,side swipe
20-190084,"The 1100 block of Yarbrough is a. four lane two way road with two

 

ea
3
o
‘G
E

CONDITIONS

 

lanes that travel south and two lanes that travel north which
are divided.by a raised concrete divider. The 10500 block of
ista Del Sol is a four lane two way undivided road with two
lanes that travel east and two lanes that travel west. Unit 1
and Unit 2 were both traveling west on Vista del Sol and were on
the turning lane waiting to turn south onto Yarbrough. Unit 1

as on lane one and Unit 2 was on lane two. Both units made the
left turn onto Yarbrough then Unit 1 made an unsafe lane change
from.lane two onto lane three causing Unit 2 to swerve right
onto the side walk in order to avoid hitting Unit 1, hitting the
curve in the process. No injuries or independent witnesses
reported at the scene.",9,490,WB,LT,WB,LT,unit 1,side swipe
20-244054,"The 1100 block of N Yarbrough Dr at the 10500 block of Vista del
Sol Dr is a two way roadway used for north and south bound

IEIEE3 CHM-‘G55

 

ea
3
o
‘G
E

CONDITIONS

 

traffic. Driver of Unit 2 was driving north on N Yarbrough Dr
in the left lane and was stopped at a red light. Driver of
nit 1 rear ended Unit 2 by unknown means and left the scene.
Io on scene investigation was conducted. No injuries were
reported.",9,491,NB,TH,NB,TH,unit 1,rear end
2018-11635,"The 10500 block of Vista del Sol, El Paso Texas at the
intersection of Yarbrough is a bi—directional roadway with one

IEIEE3 CHM-‘G55

 

ea
3
o
‘G
E

CONDITIONS

 

lane for left turn only, one lane for left turn and east bound
and one lane for east bound travel, with two lanes for west
hound travel divided.by yellow lines. Unit 2 was stopped on the
east bound travel only lane due to the red light, Unit 1 was
stopped.behind Unit 2. The light switched to green, the traffic
flow started forward then slowed down, the driver of Unit 1
failed to control her speed as the front right bumper portion
struck the middle portion of Unit 2, and this caused damage to
hoth Units. I met with both drivers to include passenger of Unit
2 who refused.medical attention.",9,492,EB,TH,EB,TH,unit 1,rear end
20-274019,"Unit #2
as traveling south on Yarbrough in the right lane and'was
slowing down then came to a stop due to a red traffic control
signal light. Unit #1 was also traveling south on Yarbrough in
the right lane but failed to control speed at which point it
struck Unit #2 frontbehind. Unit #1 driver advised of injuries
hut refused transport by EMS. No witnesses were reported at the
scene.",9,493,SB,TH,SB,TH,unit 1,rear end
20-281229,"1200 Yarbrough south bound is a 3 lane roadway with a mandatory
left turn lane and a raised median. 10500 Vista Del Sol

estbound is a 2 lane roadway with a lined divider. Unit 2 was
at the intersection of 1200 Yarbrough and 10500 Vista Del Sol in
the number three lane waiting to turn right onto Vista Del Sol

IEIEE3 CHM-‘G55

 

ea
3
o
‘G
E

CONDITIONS

 

hen Unit 1 struck the rear of unit 2 and then fled the scene.
There were no reported injuries or independent witnesses. The
driver of Unit 2 was given an incident information card and
advised of follow up procedures. The Hit and run report was
completed on I—Leads ref case number 20—284129",9,494,SB,TH,SB,RT,unit 1,rear end
20-358118,"THE 10600 BLOCK OF VISTA DEL SOL IS.A FOUR LANE ROADWAY THAT
TRAVELS EAST WEST BOUND WITH A.CENTER TURNING LANE. UNIT TWO WAS
TRAVELING WEST ON VISTA DEL SOL AND CAME TO STOP BEHIND HEAVY
TRAFFIC ON.A RED LIGHT. UNIT TWO DRIVER STATED THAT UNIT ONE
CAM FROM BEHIND AND COLLIDED INTO UNIT TWO. UNIT TWO DRIVER AND
FRONT PASSENGER COMPLAINED OF PAIN TO THEIR BACKS BUT REFUSED
EMS TRANSPORT. UNIT ONE DRIVER WAS TRAVELING WEST ON VISTA DEL
SOL IN THE LEFT LANE. UNIT ONE DRIVER STATED THAT TRAFFIC WAS
STOP AND GO. UNIT ONE COLLIDED INTO UNIT TWO FROM BEHIND WHEN
TRAFFIC STOPED ON.A RED LIGHT. NO WITNESSES.AT THE SCENE",9,495,WB,TH,WB,TH,unit 1,rear end
20-359173,"nit 2 was driving west bound on the 11000 block of Vista Del
Sol. When unit 2 approached the intersection of Vista Del Sol
and 1200 block of Yarbrough. Unit 2 was met with a red light as
ell as another vehicle in front of her. Unit 2 had her blinker

IEIEE3 CHM-‘G55

 

ea
3
o
‘G
E

CONDITIONS

 

indicating to turn right on Yarbrough to head north on Yarbrough
to head to her residence on Vista De Oro. Unit 2 was waiting for
the lights when unit 1 came up behind her and failed to control
their speed and rear—ended unit 2. Unit 2 then turned into 1200
arbrough at the wienerschnitzel, when unit 1 then took off and
did not stop or pull into the location that unit 2 pulled into.
1 witness was located and the driver of unit 2 claimed injuries,
owever EMS was called and'when they arrived on scene, they
examined the driver of unit 2 and said that the injuries were
not severe and they did not transport. No wrecker was needed as
the damage to unit 2 and the owner did not want a wrecker and

as just going to drive it to her residence",9,496,WB,TH,WB,RT,unit 1,rear end
21-005040,"U2 was traveling north on the
far right turning lane of N Yarbrough Dr. U1 was in front of U2.
2 failed.to maintain distance from.U1 and rear ended U1 causing
damages to the front bumper and front right corner of U2. U1
failed to exchange information and fled the scene. No onsite
investigation conducted. U2 was assigned a case number. Diagram
is approximate.",9,497,NB,TH,NB,TH,unit 2,rear end
21-021177,"Driver of Unit 2 was traveling southbound on
arbrough in the center lane and came to a complete stop at a
red signal light. Driver of Unit 1 was also traveling
southbound on Yarbrough in the center lane, failed to control
speed, subsequently colliding with Unit 2. There were no
reported independent witnesses. Driver of Unit 2 is currently
pregnant and complained of stomach pressure.",9,498,SB,TH,SB,TH,unit 1,rear end
21-073086,"Driver of
nit 2 stated that he was stopped at the light on the left lane
of traffic that serves as mandatory left turn lane onto 1100
arbrough. Driver Of Unit 2 stated that he was stopped.behind
nit 1 when suddenly Unit 1 commenced to back up and collided
ith the front end of the vehicle. Driver of Unit lstated that

e was stopped at the light on the mandatory left turn lane when
e realized that he was on the wrong lane (mandatory left turn
lane) and needed to go west, therefore he needed to be on the
center lane of traffic in order to proceed forward. Driver of
nit 1 reversed his vehicle and did not see Unit 2 behind him
nit he collided.with Unit 2. No injuries no witnesses were
reported.",9,499,WB,TH,WB,TH,unit 1,backing vehicle
21-088029,"The intersection of Yarbrough and
ista Del Sol is controlled by a traffic control device and lane number
one is marked as a mandatory left turn lane and lane number two is an
optional left turn lane. Unit #2 was traveling west in the number two
lane on Vista Del Sol, which is an optional left turn lane. Unit #1 was
traveling West on Vista Del Sol in the number one lane, which is a
:-ndatory left turn lane. Driver of Unit #2 explained that he was
intending to turn south on to Yarbrough, however Driver of Unit #1
continued west on Vista Del Sol while in the mandatory left turn lane
striking Unit #2. Driver of Unit #1 explained that she was in the
number two lane traveling west and Unit #2 was in lane number three
traveling west and Driver of Unit #2 attempted to turn south on to
arbrough from.the mandatory straight lane striking Unit #1. Officers

5
E
5..
o
o
2
E.
E
E
E
2

investigation revealed that Driver #2's story was mbre consistent with
the damage to Unit #1 and Unit #2. Upon arrival to the scene officers
also observed an EMS truck to be blocking lane number three and the
driver of Unit #2 did not mbve his vehicle after Unit #1 and Unit #2
collided. Driver of Unit #1 explained that after Unit #1 and Unit #2
collided, the Driver of Unit #2 did not mbve his vehicle. Officers also
observed there to be glass from.Unit #2's driver side window to be on
the ground between lane number one and lane number two. Officers
observed minor damage to the front left drivers side of Unit #2 and

‘nor damage to the front right passenger side of Unit #1.",9,500,WB,TH,WB,LT,unit 1,side swipe
21-091091,"1100 block of Yarbrough Dr. is a 40 MPH, 6—lane 2-way roadway

IEIEE3 CHM-‘G55

 

ea
3
o
‘G
E

CONDITIONS

 

divided.by a protected raised.median that include dashed'white
lines with 3—lanes that travel north and 3—lanes that travel
south with mandatory left turn lanes that are controlled.by
traffic control signals. The 1100 block of Yarbrough Dr.
intersects the 10600 block of Vista Del Sol Dr. The driver of
nit #2 stated that she was traveling north on the 1100 block of
arbrough Dr. in the left turn lane when she was impacted from
the rear by the driver of Unit #1. The driver of Unit #1 stated
that she was traveling in the left turn lane when she heard an
nknown driver of an unknown vehicle honk their horn which
caused confusion causing her to impact Unit #2. There were no
independent witnesses at the scene and all occupants refused
Fire Medical Services. The driver of Unit #1 was cited for
failure to control speed.",9,501,NB,TH,NB,TH,unit 1,rear end
21-125253,"Driver of unit 2 advised
that he was involved in a accident and that the other vehicle
fled the scene with out attempting to exchange information. The
wriver of unit 2 advised officers that he was traveling east
hound on the 10500 block of Vista Del Sol. Driver of unit 2
stated that he was in the 2 lane on Vista Del Sol stopped at a
red light right before the intersection at Yarbrough. While
stopped.the driver advised.that he felt a hit from behind and
observed Unit 1 ( described as a honda civic or accord unknown
color with partial plate ”M"") with a female driver. Unit 2
driver stated that he tried to make contact with the driver but
that she sped off. Driver of unit 2 stated that he then got in
is truck and followed unit 1. Driver stated that unit 1 stopped
a few streets down om.Vista Del Sol and.made contact with the
driver of unit 1. She stated that she did not have insurance and
that she would give him.60 dollars. Driver of unit 2 stated that

E
E
5..
o
o
2
E.
E
E
E
2

it was not enough to pay for damages and that he wanted her
information but that she got back into her car and left. Leaving
the driver of unit 2 with out any information. Officers gathered
all information available and completed the report to document
the incident. Driver of unit 2 was advised accordingly reference
to follow up instruction to his case.",9,502,EB,TH,EB,TH,unit 1,rear end
21-134082,"The 10600 block of Vista Del Sol Dr is a local road that travels
east to west and consists of a designated left turn lane in each

IEIEE3 CHM-‘G55

 

ea
3
o
‘G
E

CONDITIONS

 

direction, a lane with the option to make a left turn or proceed
est, a lane traveling west and two lanes traveling east. U2 was
traveling west on the far left turning lane of Vista Del Sol Dr.
1 was behind U2. U1 rear ended U2 causing damages to the rear
humper of U2. U1 failed to exchange information and fled the
scene. No onsite investigation conducted. U2 was assigned a case
number. Diagram.is approximate.",9,503,WB,LT,WB,TH,unit 1,rear end
21-183035,"The 11500 block of Vista Del Sol is a 2-way, 4—lane with a left
turn only lane which travels east and west divided.by a double

IEIEE3 CHM-‘G55

 

ea
3
o
‘G
E

CONDITIONS

 

ellow line. The 1200 block of N. Yarbrough is a 2-way, 6—lane
roadway divided.by raised.median which travels north and south.
nit—02 was traveling west bound on the far left lane of the
11500 block of Vista Del Sol. Unit—01 was traveling south bound
on the left lane of the 1200 block of N. Yarbrough. Unit—02
entered the light on a green as unit—01 had a red light and
hile being distracted.by the AC drove into the intersection on
a red colliding into unit—02 front right bumper. Driver of unit
-02 was transported to Del Sol Medical for treatment as she felt
pain to her torso",9,504,SB,TH,WB,TH,unit 1,right angle
21-204176,"10600 block of Vista Del Sol is a 4 lane roadway with two lanes

IEIEE3 CHM-‘G55

 

ea
3
o
‘G
E

CONDITIONS

 

for westbound and eastbound vehicular travel including an
optional turning lane for both sides and its divided.by two
solid yellow lines. The intersection is govern by signal lights
that lead to a private drive way. Driver of Unit 1 was traveling
estbound on Vista del Sol and'was stopped at the intersection
on the mandatory left turning lane. Driver of Unit 2 was
traveling eastbound on Vista del Sol on lane 1. Driver of Unit 3
as traveling northbound on the private roadway and came to a
complete stop at the intersection of Vista del Sol due to a red
light. Driver of Unit 1 attempted to make a left turn onto the
private roadway and fail to yield the right of way to Unit 2
traveling eastbound and subsequently collided with Unit 2. Due
to the force of the collision Unit 1 ricochet from.Unit 2 and
subsequently collided with Unit 3 who was stopped due to a red
light at the intersection of Vista Del Sol.No injuries or

itnesses were reported at the scene.",9,505,WB,LT,EB,TH,unit 1,left turn
21161212,"Unit—02 was traveling north on 1200

arbrough and came to a stop a red light at the intersection of

ista Del Sol and Yarbrough. Unit—02 was at a complete stop when

nit—01 who was traveling north on Yarbrough directly behind

nit—02 failed to stop and struck Unit—02. The Driver of Unit—01
fled the scene and did not return. No injuries were reported and
no independent witnesses were located.",9,506,NB,TH,NB,TH,unit 1,rear end
21248037,"1100 N. Yarbrough is a four lane, north — south roadway with a

IEIEE3 CHM-‘G55

 

ea
3
o
‘G
E

CONDITIONS

 

raised center divider and a left turn and right turn lanes.
11600 Vista Del Sol is a four lane east — west roadway with a
left turn lane. Unit # 1 was north bound at the 1100 block of N.
arbrough in the # 2 lane. Unit # 2 was north bound at the 1100
hlock of N. Yarbrough on the right turn lane. Unit # 2 began to
turn right onto 11600 Vista Del Sol. Unit # 1 proceeded to turn
right on a lane not designated for right turn, striking Unit #
2. the driver of Unit # 1 exchanged information with the driver
of Unit # 2 and later left with family members whom.had arrived
after the accident. The driver of Unit # 1 advised the driver
of unit # 2 appeared to be under the influence of alcohol. The

DM GRAM

ecresidence where the incident was reported.approximately 14 hours
later due to a backlog of calls for service. There were no
reported injuries. No independent witnesses.",9,507,NB,RT,NB,RT,unit 1,side swipe